time;0;1;2;3;4;5;6;7;8;9
0;(10,0);(8.09017,5.87785);(3.09017,9.51057);(-3.09017,9.51056);(-8.09017,5.87785);(-10,-8.74228e-07);(-8.09017,-5.87785);(-3.09017,-9.51057);(3.09017,-9.51056);(8.09017,-5.87785)
0.05;(9.99352,0);(8.08553,5.87448);(3.08813,9.5043);(-3.08819,9.50446);(-8.08441,5.87367);(-9.99397,-8.73701e-07);(-8.08424,-5.87354);(-3.08821,-9.50455);(3.08796,-9.50375);(8.08459,-5.8738)
0.1;(9.98115,1.6217e-15);(8.07669,5.86806);(3.08425,9.49234);(-3.0844,9.49281);(-8.07342,5.86568);(-9.98247,-8.72695e-07);(-8.07292,-5.86532);(-3.08448,-9.49306);(3.08373,-9.49074);(8.07395,-5.86607)
0.15;(9.96345,9.06499e-11);(8.06403,5.85886);(3.07868,9.47522);(-3.07899,9.47614);(-8.05769,5.85425);(-9.96601,-8.71256e-07);(-8.05672,-5.85355);(-3.07914,-9.47662);(3.07768,-9.47211);(8.05871,-5.855)
0.2;(9.9409,4.32667e-09);(8.04791,5.84715);(3.0716,9.45341);(-3.07209,9.45491);(-8.03765,5.83969);(-9.94503,-8.69423e-07);(-8.03608,-5.83856);(-3.07233,-9.45568);(3.06997,-9.44839);(8.0393,-5.8409)
0.25;(9.91396,3.88002e-08);(8.02864,5.83315);(3.06313,9.42736);(-3.06384,9.42954);(-8.0137,5.82229);(-9.91998,-8.67232e-07);(-8.01142,-5.82064);(-3.0642,-9.43066);(3.06076,-9.42005);(8.01611,-5.82405)
0.3;(9.88303,1.76719e-07);(8.00652,5.81708);(3.05341,9.39744);(-3.05438,9.40041);(-7.98621,5.80232);(-9.89121,-8.64717e-07);(-7.98311,-5.80007);(-3.05487,-9.40193);(3.05019,-9.38751);(7.98949,-5.8047)
0.35;(9.84848,5.5446e-07);(7.98182,5.79913);(3.04256,9.36403);(-3.04381,9.36787);(-7.95551,5.78001);(-9.85908,-8.61908e-07);(-7.95149,-5.7771);(-3.04444,-9.36984);(3.03838,-9.35116);(7.95975,-5.7831)
0.4;(9.81065,1.3747e-06);(7.95476,5.77947);(3.03067,9.32744);(-3.03223,9.33225);(-7.92188,5.75558);(-9.82389,-8.58832e-07);(-7.91687,-5.75194);(-3.03303,-9.33471);(3.02544,-9.31136);(7.92719,-5.75944)
0.45;(9.76984,2.9002e-06);(7.92557,5.75827);(3.01785,9.28797);(-3.01975,9.29382);(-7.88561,5.72922);(-9.78593,-8.55513e-07);(-7.87952,-5.7248);(-3.02071,-9.2968);(3.01149,-9.26842);(7.89206,-5.73392)
0.5;(9.72633,5.44276e-06);(7.89445,5.73566);(3.00418,9.24589);(-3.00644,9.25284);(-7.84693,5.70111);(-9.74546,-8.51975e-07);(-7.83969,-5.69587);(-3.00758,-9.25639);(2.99661,-9.22265);(7.85461,-5.70671)
0.55;(9.68036,9.35071e-06);(7.86158,5.71177);(2.98974,9.20143);(-2.99238,9.20957);(-7.80607,5.67142);(-9.7027,-8.48237e-07);(-7.79762,-5.6653);(-2.99371,-9.21369);(2.98089,-9.17429);(7.81504,-5.67796)
0.6;(9.63217,1.49967e-05);(7.82711,5.68673);(2.9746,9.15482);(-2.97764,9.1642);(-7.76323,5.64028);(-9.65787,-8.44318e-07);(-7.7535,-5.63325);(-2.97916,-9.16893);(2.9644,-9.12358);(7.77356,-5.64782)
0.65;(9.58197,2.27672e-05);(7.7912,5.66064);(2.95883,9.10625);(-2.96229,9.11694);(-7.71859,5.60782);(-9.61117,-8.40235e-07);(-7.70754,-5.59986);(-2.96401,-9.12229);(2.94722,-9.07076);(7.73034,-5.61642)
0.7;(9.52993,3.30535e-05);(7.75398,5.6336);(2.94249,9.05591);(-2.94639,9.06796);(-7.67232,5.57417);(-9.56276,-8.36003e-07);(-7.65991,-5.56525);(-2.9483,-9.07395);(2.92941,-9.01601);(7.68555,-5.58388)
0.75;(9.47623,4.62446e-05);(7.71557,5.60569);(2.92562,9.00396);(-2.92999,9.01744);(-7.62457,5.53944);(-9.5128,-8.31635e-07);(-7.61075,-5.52953);(-2.93209,-9.02407);(2.91103,-8.95951);(7.63933,-5.55029)
0.8;(9.42103,6.27222e-05);(7.67608,5.577);(2.90829,8.95055);(-2.91314,8.96552);(-7.57546,5.5037);(-9.46144,-8.27145e-07);(-7.56021,-5.49281);(-2.91543,-8.97278);(2.89213,-8.90142);(7.5918,-5.51577)
0.85;(9.36446,8.2857e-05);(7.63561,5.5476);(2.89053,8.89581);(-2.89587,8.9123);(-7.52514,5.46708);(-9.4088,-8.22544e-07);(-7.50841,-5.45518);(-2.89835,-8.92022);(2.87275,-8.84189);(7.5431,-5.48039)
0.9;(9.30665,0.000107006);(7.59425,5.51755);(2.87239,8.83988);(-2.87823,8.85791);(-7.47372,5.42967);(-9.35501,-8.17841e-07);(-7.45548,-5.41672);(-2.8809,-8.86651);(2.85294,-8.78106);(7.49334,-5.44423)
0.95;(9.24772,0.000135512);(7.55209,5.48691);(2.8539,8.78284);(-2.86028,8.80254);(-7.42126,5.39145);(-9.30017,-8.13047e-07);(-7.40152,-5.37752);(-2.86311,-8.81175);(2.83273,-8.71905);(7.4426,-5.40737)
1;(9.18778,0.000168701);(7.50919,5.45574);(2.83509,8.72482);(-2.84202,8.74619);(-7.36789,5.35258);(-9.24438,-8.0817e-07);(-7.34661,-5.33763);(-2.84501,-8.75604);(2.81217,-8.65596);(7.39099,-5.36987)
1.05;(9.12691,0.000206886);(7.46563,5.4241);(2.81599,8.6659);(-2.82347,8.68896);(-7.3137,5.31312);(-9.18773,-8.03217e-07);(-7.29086,-5.29712);(-2.82662,-8.69946);(2.79129,-8.59189);(7.33858,-5.3318)
1.1;(9.0652,0.000250364);(7.42146,5.39201);(2.79664,8.60616);(-2.80467,8.63092);(-7.25877,5.27314);(-9.13029,-7.98195e-07);(-7.23434,-5.25606);(-2.80799,-8.64211);(2.7701,-8.52694);(7.28545,-5.2932)
1.15;(9.00274,0.000299419);(7.37675,5.35952);(2.77706,8.54569);(-2.78564,8.57216);(-7.20317,5.23267);(-9.07214,-7.93112e-07);(-7.17712,-5.21448);(-2.78912,-8.58404);(2.74865,-8.46119);(7.23166,-5.25412)
1.2;(8.93958,0.000354326);(7.33155,5.32668);(2.75726,8.48453);(-2.7664,8.51273);(-7.14695,5.19176);(-9.01334,-7.87972e-07);(-7.11926,-5.17245);(-2.77004,-8.52533);(2.72695,-8.39472);(7.17728,-5.21462)
1.25;(8.87581,0.000415346);(7.28589,5.29351);(2.73727,8.42277);(-2.74698,8.45271);(-7.09017,5.15045);(-8.95396,-7.8278e-07);(-7.06083,-5.12999);(-2.75078,-8.46603);(2.70502,-8.32758);(7.12236,-5.17472)
1.3;(8.81147,0.000482734);(7.23982,5.26004);(2.71711,8.36046);(-2.72738,8.39214);(-7.03289,5.10878);(-8.89405,-7.77543e-07);(-7.00188,-5.08716);(-2.73134,-8.40621);(2.68289,-8.25985);(7.06695,-5.13447)
1.35;(8.74662,0.00055674);(7.19339,5.2263);(2.6968,8.29764);(-2.70763,8.33107);(-6.97515,5.06678);(-8.83366,-7.72263e-07);(-6.94245,-5.04398);(-2.71174,-8.3459);(2.66057,-8.19158);(7.0111,-5.0939)
1.4;(8.68131,0.000637608);(7.14662,5.19232);(2.67635,8.23436);(-2.68774,8.26957);(-6.917,5.02449);(-8.77282,-7.66945e-07);(-6.88259,-5.00049);(-2.69201,-8.28516);(2.63808,-8.12281);(6.95485,-5.05304)
1.45;(8.61558,0.000725579);(7.09954,5.15812);(2.65577,8.17067);(-2.66772,8.20765);(-6.85846,4.98193);(-8.71159,-7.61592e-07);(-6.82233,-4.95672);(-2.67214,-8.22402);(2.61542,-8.0536);(6.89824,-5.01191)
1.5;(8.54947,0.000820897);(7.05218,5.12371);(2.63508,8.1066);(-2.6476,8.14537);(-6.79959,4.93913);(-8.65001,-7.56208e-07);(-6.76174,-4.91269);(-2.65216,-8.16252);(2.59264,-7.98399);(6.84129,-4.97055)
1.55;(8.48303,0.000924192);(7.00458,5.08912);(2.61429,8.0422);(-2.62748,8.083);(-6.74031,4.89586);(-8.58809,-7.50795e-07);(-6.70082,-4.86843);(-2.63207,-8.10069);(2.56972,-7.91402);(6.78405,-4.92897)
1.6;(8.4163,0.00103002);(6.95674,5.05437);(2.59341,7.9775);(-2.60727,8.02031);(-6.68076,4.85242);(-8.52588,-7.45356e-07);(-6.63962,-4.82397);(-2.61189,-8.03858);(2.54667,-7.84372);(6.72655,-4.88718)
1.65;(8.34931,0.00113874);(6.9087,5.01947);(2.57246,7.91253);(-2.58696,7.95732);(-6.62097,4.80882);(-8.46341,-5.3733e-07);(-6.57817,-4.77932);(-2.59162,-7.9762);(2.5235,-7.77313);(6.6688,-4.84521)
1.7;(8.28208,0.00125068);(6.86048,4.98443);(2.55143,7.84732);(-2.56657,7.89407);(-6.56097,4.76507);(-8.40071,-1.21475e-07);(-6.51648,-4.7345);(-2.57128,-7.9136);(2.50023,-7.70227);(6.61084,-4.80308)
1.75;(8.21464,0.00136616);(6.8121,4.94928);(2.53033,7.78189);(-2.54611,7.83057);(-6.50077,4.72119);(-8.33779,5.02764e-07);(-6.45458,-4.68953);(-2.55086,-7.85079);(2.47686,-7.63117);(6.55268,-4.76079)
1.8;(8.14701,0.00148547);(6.76357,4.91403);(2.50918,7.71626);(-2.52559,7.76684);(-6.44039,4.67719);(-8.27469,1.33527e-06);(-6.39248,-4.64441);(-2.53037,-7.78778);(2.45339,-7.55985);(6.49435,-4.71836)
1.85;(8.07921,0.00160889);(6.7149,4.87868);(2.48798,7.65045);(-2.50502,7.70292);(-6.37986,4.63309);(-8.21141,2.37535e-06);(-6.33022,-4.59918);(-2.50983,-7.7246);(2.42984,-7.48833);(6.43586,-4.67581)
1.9;(8.01127,0.00173671);(6.66612,4.84324);(2.46674,7.58448);(-2.48439,7.63881);(-6.31918,4.58888);(-8.14798,3.62166e-06);(-6.2678,-4.55382);(-2.48923,-7.66127);(2.40621,-7.41663);(6.37722,-4.63314)
1.95;(7.94319,0.00186918);(6.61723,4.80772);(2.44545,7.51835);(-2.46373,7.57453);(-6.25837,4.54459);(-8.08441,5.07234e-06);(-6.20523,-4.50837);(-2.46858,-7.5978);(2.3825,-7.34478);(6.31845,-4.59037)
2;(7.87499,0.00200654);(6.56824,4.77214);(2.42414,7.4521);(-2.44303,7.51011);(-6.19744,4.50022);(-8.02071,6.7249e-06);(-6.14254,-4.46282);(-2.44789,-7.5342);(2.35872,-7.27277);(6.25957,-4.54751)
2.05;(7.80669,0.00214904);(6.51916,4.73649);(2.40279,7.38573);(-2.4223,7.44554);(-6.1364,4.45577);(-7.9569,8.57632e-06);(-6.07973,-4.41719);(-2.42715,-7.47049);(2.33487,-7.20064);(6.20059,-4.50456)
2.1;(7.73829,0.00229692);(6.47,4.70079);(2.38142,7.31925);(-2.40154,7.38085);(-6.07527,4.41126);(-7.89298,1.06231e-05);(-6.01682,-4.37148);(-2.40638,-7.40668);(2.31096,-7.12839);(6.14151,-4.46154)
2.15;(7.66982,0.00245038);(6.42077,4.66504);(2.36004,7.25267);(-2.38076,7.31605);(-6.01405,4.36669);(-7.82898,1.28611e-05);(-5.95382,-4.3257);(-2.38558,-7.34277);(2.28699,-7.05603);(6.08235,-4.41844)
2.2;(7.60129,0.00260963);(6.37148,4.62925);(2.33863,7.186);(-2.35996,7.25114);(-5.95276,4.32207);(-7.76489,1.52854e-05);(-5.89073,-4.27987);(-2.36475,-7.27879);(2.26296,-6.98358);(6.02311,-4.37528)
2.25;(7.53269,0.00277487);(6.32213,4.59341);(2.31721,7.11926);(-2.33915,7.18614);(-5.89139,4.2774);(-7.70072,1.7891e-05);(-5.82757,-4.23398);(-2.34389,-7.21472);(2.23888,-6.91105);(5.96381,-4.33207)
2.3;(7.46405,0.00294627);(6.27273,4.55754);(2.29579,7.05244);(-2.31833,7.12105);(-5.82997,4.23269);(-7.63649,2.06718e-05);(-5.76433,-4.18803);(-2.323,-7.1506);(2.21474,-6.83844);(5.90444,-4.2888)
2.35;(7.39538,0.00312398);(6.22328,4.52164);(2.27435,6.98557);(-2.2975,7.05589);(-5.76849,4.18794);(-7.5722,2.36212e-05);(-5.70104,-4.14205);(-2.30209,-7.08641);(2.19054,-6.76575);(5.84503,-4.24549)
2.4;(7.32667,0.00330814);(6.17379,4.48571);(2.25292,6.91864);(-2.27666,6.99065);(-5.70695,4.14316);(-7.50786,2.67318e-05);(-5.6377,-4.09602);(-2.28117,-7.02217);(2.16629,-6.69301);(5.78557,-4.20213)
2.45;(7.25794,0.00349883);(6.12427,4.44977);(2.23148,6.85165);(-2.25582,6.92535);(-5.64538,4.09835);(-7.44347,2.99955e-05);(-5.5743,-4.04996);(-2.26022,-6.95789);(2.14199,-6.62022);(5.72607,-4.15873)
2.5;(7.1892,0.00369609);(6.07471,4.4138);(2.21004,6.78463);(-2.23499,6.85999);(-5.58377,4.05351);(-7.37904,3.34033e-05);(-5.51087,-4.00387);(-2.23926,-6.89357);(2.11764,-6.54738);(5.66654,-4.1153)
2.55;(7.12046,0.00389991);(6.02513,4.37781);(2.18861,6.71756);(-2.21416,6.79457);(-5.52212,4.00864);(-7.31457,3.6945e-05);(-5.44739,-3.95775);(-2.21828,-6.82921);(2.09324,-6.47449);(5.60698,-4.07184)
2.6;(7.05171,0.00411017);(5.97552,4.34181);(2.16718,6.65047);(-2.19333,6.72911);(-5.46044,3.96375);(-7.25007,4.06096e-05);(-5.38389,-3.91161);(-2.19729,-6.76482);(2.06878,-6.40157);(5.54739,-4.02835)
2.65;(6.98297,0.00432665);(5.92589,4.30581);(2.14577,6.58334);(-2.1735,6.66562);(-5.39776,3.91683);(-7.18555,4.43848e-05);(-5.32035,-3.86544);(-2.17628,-6.7004);(2.04426,-6.32861);(5.48779,-3.98484)
2.7;(6.91425,0.00454893);(5.87623,4.26977);(2.12435,6.51619);(-2.15357,6.60193);(-5.33514,3.87006);(-7.12099,4.61839e-05);(-5.2568,-3.81926);(-2.15526,-6.63596);(2.0197,-6.25562);(5.42816,-3.9413)
2.75;(6.84556,0.00477637);(5.82656,4.23372);(2.10294,6.44902);(-2.13357,6.53806);(-5.27257,3.82344);(-7.05642,4.62629e-05);(-5.19322,-3.77307);(-2.13424,-6.57151);(1.99507,-6.18261);(5.36853,-3.89774)
2.8;(6.77689,0.0050079);(5.77686,4.19765);(2.08153,6.38183);(-2.11351,6.47402);(-5.21006,3.77696);(-6.99182,4.48483e-05);(-5.12963,-3.72686);(-2.1132,-6.50703);(1.97038,-6.10957);(5.30888,-3.85416)
2.85;(6.70827,0.00524176);(5.72716,4.16156);(2.06013,6.31463);(-2.09338,6.40984);(-5.1476,3.73061);(-6.92721,4.21385e-05);(-5.06603,-3.68065);(-2.09216,-6.44255);(1.94563,-6.03651);(5.24923,-3.81056)
2.9;(6.63969,0.00547491);(5.67743,4.12546);(2.03875,6.24742);(-2.07321,6.34551);(-5.08519,3.68437);(-6.86259,3.83065e-05);(-5.00242,-3.63443);(-2.07111,-6.37806);(1.9208,-5.96343);(5.18958,-3.76695)
2.95;(6.57119,0.00570127);(5.6277,4.08935);(2.01739,6.18019);(-2.053,6.28106);(-5.02282,3.63824);(-6.79796,3.35012e-05);(-4.9388,-3.5882);(-2.05005,-6.31356);(1.89589,-5.89032);(5.12993,-3.72333)
3;(6.50279,0.00590346);(5.57796,4.05323);(1.99604,6.11296);(-2.03275,6.2165);(-4.96049,3.59221);(-6.73332,2.78491e-05);(-4.87518,-3.54197);(-2.02899,-6.24906);(1.87086,-5.81716);(5.07028,-3.6797)
3.05;(6.43436,0.00613547);(5.52822,4.0171);(1.97472,6.04572);(-2.01249,6.15184);(-4.89821,3.54627);(-6.66868,2.14558e-05);(-4.81159,-3.49572);(-2.00792,-6.18455);(1.84585,-5.74403);(5.01066,-3.63606)
3.1;(6.37447,0.00132527);(5.47847,3.98097);(1.95342,5.97849);(-1.9922,6.08708);(-4.83596,3.50042);(-6.60403,1.4407e-05);(-4.74803,-3.44947);(-1.98684,-6.12005);(1.8123,-5.66583);(4.95108,-3.59243)
3.15;(6.31367,-0.00309118);(5.42871,3.94489);(1.93215,5.91123);(-1.97194,6.02227);(-4.77375,3.45464);(-6.53939,6.76944e-06);(-4.68448,-3.40324);(-1.96577,-6.05555);(1.77972,-5.58808);(4.89149,-3.54876)
3.2;(6.25204,-0.00715511);(5.37897,3.90884);(1.91091,5.844);(-1.95171,5.95743);(-4.71156,3.40898);(-6.47475,-1.49147e-06);(-4.62096,-3.35705);(-1.9447,-5.99109);(1.74804,-5.51074);(4.8319,-3.50508)
3.25;(6.18965,-0.0109041);(5.32924,3.87284);(1.88971,5.77678);(-1.93151,5.89254);(-4.6494,3.3634);(-6.41016,-2.70717e-05);(-4.55746,-3.31088);(-1.92364,-5.92667);(1.71723,-5.43376);(4.77231,-3.46139)
3.3;(6.12656,-0.0143725);(5.27952,3.83689);(1.86854,5.70959);(-1.91134,5.82763);(-4.58725,3.31793);(-6.34563,-7.26249e-05);(-4.49398,-3.26475);(-1.90259,-5.86229);(1.68721,-5.35709);(4.71272,-3.41769)
3.35;(6.06288,-0.0175976);(5.22983,3.80099);(1.8474,5.64242);(-1.89124,5.7627);(-4.52513,3.27254);(-6.28115,-0.000141803);(-4.43052,-3.21865);(-1.88157,-5.79795);(1.65765,-5.28057);(4.65341,-3.37411)
3.4;(5.99865,-0.0206069);(5.18017,3.76515);(1.82634,5.57529);(-1.8712,5.69775);(-4.46303,3.22723);(-6.21675,-0.000239664);(-4.36708,-3.17259);(-1.86058,-5.73366);(1.62851,-5.20419);(4.59437,-3.33064)
3.45;(5.93392,-0.0234262);(5.13054,3.72936);(1.80534,5.50818);(-1.85122,5.63279);(-4.40095,3.18201);(-6.15244,-0.000371861);(-4.30367,-3.12657);(-1.83962,-5.66941);(1.59977,-5.12795);(4.53557,-3.28725)
3.5;(5.86916,-0.0260314);(5.08097,3.69364);(1.78442,5.44111);(-1.83132,5.56783);(-4.33889,3.13687);(-6.08823,-0.000547723);(-4.24028,-3.08058);(-1.8187,-5.60521);(1.5714,-5.05183);(4.47658,-3.24398)
3.55;(5.80445,-0.0284572);(5.03144,3.658);(1.76356,5.37408);(-1.81151,5.50285);(-4.27686,3.0918);(-6.02413,-0.000786903);(-4.17691,-3.03464);(-1.7978,-5.54106);(1.5434,-4.97581);(4.41734,-3.20079)
3.6;(5.74369,-0.0312035);(4.98197,3.62243);(1.74278,5.30709);(-1.79178,5.43787);(-4.21487,3.04685);(-5.96022,-0.0011889);(-4.11358,-2.98873);(-1.77693,-5.47697);(1.51582,-4.89984);(4.354,-3.15719)
3.65;(5.68215,-0.0337851);(4.93251,3.58696);(1.72209,5.24013);(-1.77216,5.37285);(-4.15293,3.00202);(-5.8963,-0.00155761);(-4.05028,-2.94288);(-1.75609,-5.41294);(1.48843,-4.82419);(4.29138,-3.11352)
3.7;(5.61991,-0.0362247);(4.88312,3.55166);(1.70148,5.17321);(-1.75269,5.30772);(-4.09103,2.95731);(-5.83238,-0.00189613);(-3.98701,-2.89708);(-1.73528,-5.34899);(1.46119,-4.74886);(4.22942,-3.0698)
3.75;(5.55702,-0.0385421);(4.83369,3.51635);(1.68102,5.10643);(-1.73327,5.24267);(-4.02919,2.91271);(-5.76847,-0.00220741);(-3.9238,-2.85137);(-1.71449,-5.28512);(1.43406,-4.67385);(4.1681,-3.02604)
3.8;(5.49359,-0.0407821);(4.78424,3.48104);(1.6607,5.03977);(-1.71391,5.17772);(-3.96739,2.86823);(-5.70476,-0.00267549);(-3.86067,-2.80574);(-1.69374,-5.22132);(1.40721,-4.59896);(4.10736,-2.98224)
3.85;(5.42971,-0.0429626);(4.73478,3.44573);(1.64053,4.97325);(-1.69461,5.11286);(-3.90572,2.82389);(-5.64104,-0.00310498);(-3.79765,-2.76018);(-1.67301,-5.1576);(1.38042,-4.52437);(4.04724,-2.93844)
3.9;(5.36542,-0.045099);(4.68531,3.41043);(1.6205,4.90686);(-1.67541,5.04813);(-3.84418,2.77971);(-5.5782,-0.00449421);(-3.73472,-2.7147);(-1.65231,-5.09395);(1.35454,-4.44907);(3.9877,-2.89467)
3.95;(5.30075,-0.0472063);(4.63585,3.37514);(1.60061,4.84061);(-1.65634,4.98357);(-3.78277,2.73567);(-5.51533,-0.00577421);(-3.67189,-2.66933);(-1.63164,-5.03039);(1.32861,-4.37416);(3.92881,-2.85094)
4;(5.23574,-0.0492987);(4.58651,3.34006);(1.58086,4.77451);(-1.63752,4.91901);(-3.7215,2.69179);(-5.45243,-0.00695588);(-3.60914,-2.62405);(-1.61098,-4.9669);(1.30262,-4.29961);(3.87053,-2.80725)
4.05;(5.17107,-0.0512758);(4.5372,3.30499);(1.56126,4.70855);(-1.61887,4.85468);(-3.66035,2.64805);(-5.38953,-0.00804961);(-3.54646,-2.57889);(-1.59036,-4.90353);(1.27658,-4.2254);(3.8122,-2.76373)
4.1;(5.10689,-0.0531856);(4.48794,3.26995);(1.54182,4.64274);(-1.60049,4.79063);(-3.59934,2.60447);(-5.32662,-0.00906357);(-3.4838,-2.53391);(-1.56975,-4.84027);(1.25048,-4.15152);(3.75369,-2.72032)
4.15;(5.04236,-0.0551247);(4.43872,3.23496);(1.52255,4.57712);(-1.58208,4.72668);(-3.53847,2.56106);(-5.26373,-0.0100057);(-3.42145,-2.48893);(-1.54919,-4.77718);(1.22429,-4.07797);(3.6959,-2.67693)
4.2;(4.97826,-0.0569685);(4.38985,3.20066);(1.50346,4.51168);(-1.56442,4.66242);(-3.47774,2.51782);(-5.20085,-0.0108836);(-3.35897,-2.44419);(-1.52867,-4.71424);(1.19803,-4.00474);(3.63804,-2.63371)
4.25;(4.91482,-0.0587731);(4.34103,3.16636);(1.48456,4.44645);(-1.54668,4.5983);(-3.41715,2.47476);(-5.138,-0.0117056);(-3.29686,-2.39945);(-1.50822,-4.65149);(1.17167,-3.93182);(3.57993,-2.59061)
4.3;(4.85099,-0.0606435);(4.29227,3.1321);(1.46586,4.38143);(-1.5289,4.5343);(-3.35671,2.43189);(-5.076,-0.0133583);(-3.23512,-2.35469);(-1.48783,-4.58893);(1.14599,-3.85835);(3.52267,-2.54751)
4.35;(4.7878,-0.0624462);(4.24357,3.09787);(1.44737,4.31662);(-1.51109,4.47045);(-3.29641,2.38922);(-5.01402,-0.0149079);(-3.17375,-2.30995);(-1.46751,-4.52655);(1.1201,-3.78525);(3.46531,-2.50459)
4.4;(4.72668,-0.064435);(4.19493,3.06369);(1.4291,4.25204);(-1.49362,4.40695);(-3.23627,2.34676);(-4.95209,-0.0163633);(-3.11243,-2.26545);(-1.44726,-4.46437);(1.09399,-3.71251);(3.40649,-2.4616)
4.45;(4.66507,-0.066512);(4.14632,3.02955);(1.41107,4.18767);(-1.47611,4.34357);(-3.17629,2.30454);(-4.89021,-0.0177331);(-3.05154,-2.22094);(-1.42708,-4.4024);(1.06761,-3.6402);(3.34885,-2.41857)
4.5;(4.60304,-0.0686925);(4.09774,2.99547);(1.3933,4.12355);(-1.45905,4.2806);(-3.11646,2.26257);(-4.82839,-0.019028);(-2.99065,-2.17672);(-1.40698,-4.34065);(1.04099,-3.56829);(3.29233,-2.37555)
4.55;(4.54062,-0.070987);(4.04922,2.96145);(1.3758,4.05966);(-1.44195,4.21775);(-3.05681,2.22086);(-4.76665,-0.0202602);(-2.93027,-2.13248);(-1.38694,-4.27912);(1.01417,-3.49675);(3.23687,-2.33257)
4.6;(4.47917,-0.0731751);(4.00077,2.9275);(1.35861,3.99604);(-1.42907,4.15683);(-2.99732,2.17944);(-4.70535,-0.0217407);(-2.86617,-2.09004);(-1.36699,-4.21781);(0.987537,-3.42525);(3.1811,-2.28991)
4.65;(4.41732,-0.0754844);(3.95236,2.89364);(1.34161,3.93269);(-1.41573,4.09586);(-2.93809,2.13831);(-4.6441,-0.0231727);(-2.80302,-2.04747);(-1.3471,-4.15673);(0.960727,-3.35415);(3.12652,-2.24728)
4.7;(4.35652,-0.0776188);(3.90403,2.85989);(1.32485,3.86964);(-1.40201,4.03489);(-2.87911,2.09748);(-4.58344,-0.0250572);(-2.7408,-2.00476);(-1.32729,-4.09587);(0.934294,-3.28294);(3.07168,-2.20507)
4.75;(4.29806,-0.0799048);(3.85573,2.82624);(1.30836,3.8069);(-1.38796,3.97393);(-2.82038,2.057);(-4.52282,-0.0268681);(-2.67951,-1.96196);(-1.30754,-4.03525);(0.907594,-3.21214);(3.01544,-2.16295)
4.8;(4.23905,-0.0823674);(3.80924,2.79431);(1.29046,3.74284);(-1.37362,3.913);(-2.76189,2.0169);(-4.46225,-0.0286097);(-2.61919,-1.91906);(-1.28789,-3.9749);(0.880489,-3.14187);(2.96085,-2.12086)
4.85;(4.17954,-0.084983);(3.76264,2.76232);(1.27307,3.67922);(-1.35909,3.85217);(-2.70367,1.97723);(-4.40226,-0.030721);(-2.55986,-1.87607);(-1.26832,-3.91483);(0.853681,-3.07165);(2.90779,-2.07887)
4.9;(4.12206,-0.0875641);(3.71597,2.73027);(1.25622,3.61606);(-1.3444,3.79146);(-2.64573,1.93802);(-4.34232,-0.0327571);(-2.50153,-1.83301);(-1.24885,-3.85502);(0.826665,-3.00188);(2.85374,-2.0373)
4.95;(4.06402,-0.0903635);(3.66922,2.69818);(1.24001,3.55335);(-1.32959,3.73089);(-2.58806,1.89933);(-4.28247,-0.0347206);(-2.44426,-1.78988);(-1.22948,-3.7955);(0.799285,-2.93264);(2.80146,-1.99589)
5;(4.00551,-0.0934192);(3.6224,2.66609);(1.22486,3.49114);(-1.31469,3.67046);(-2.53065,1.86121);(-4.22317,-0.0369572);(-2.38811,-1.74666);(-1.21023,-3.73627);(0.771727,-2.86355);(2.75081,-1.95479)
5.05;(3.94887,-0.096189);(3.57556,2.634);(1.20992,3.42923);(-1.2997,3.61018);(-2.47349,1.82374);(-4.1646,-0.0396768);(-2.33314,-1.70335);(-1.19111,-3.67732);(0.744955,-2.79392);(2.69955,-1.9149)
5.1;(3.89172,-0.099355);(3.52867,2.60194);(1.19524,3.36762);(-1.28513,3.55045);(-2.41658,1.78698);(-4.10607,-0.0422806);(-2.27899,-1.66034);(-1.17215,-3.61866);(0.717955,-2.72424);(2.65052,-1.87579)
5.15;(3.83654,-0.10223);(3.48175,2.56992);(1.18082,3.30632);(-1.27097,3.49129);(-2.35992,1.75099);(-4.04761,-0.0447832);(-2.22578,-1.61761);(-1.15337,-3.56027);(0.693083,-2.65544);(2.59902,-1.8373)
5.2;(3.78086,-0.105664);(3.43732,2.54016);(1.16488,3.24339);(-1.25719,3.4327);(-2.30352,1.71583);(-3.98925,-0.0471878);(-2.17364,-1.57511);(-1.13479,-3.50222);(0.666964,-2.58703);(2.55035,-1.7994)
5.25;(3.72773,-0.109174);(3.39267,2.51021);(1.15013,3.18117);(-1.24378,3.37475);(-2.2474,1.68159);(-3.93102,-0.0495089);(-2.12287,-1.53262);(-1.11645,-3.44448);(0.642603,-2.51986);(2.49878,-1.76201)
5.3;(3.67372,-0.112848);(3.3478,2.48009);(1.13649,3.11965);(-1.23503,3.3281);(-2.1871,1.63772);(-3.87294,-0.0517441);(-2.07322,-1.4907);(-1.0984,-3.38711);(0.616832,-2.45325);(2.45068,-1.72521)
5.35;(3.62322,-0.116384);(3.30285,2.44987);(1.12271,3.05903);(-1.22545,3.28034);(-2.12711,1.59629);(-3.81609,-0.0551161);(-2.02553,-1.44934);(-1.08078,-3.33019);(0.595088,-2.38659);(2.39838,-1.6886)
5.4;(3.57171,-0.120104);(3.25778,2.4196);(1.10944,2.99959);(-1.21514,3.2316);(-2.06672,1.55751);(-3.75921,-0.0583614);(-1.97981,-1.40872);(-1.06426,-3.27402);(0.570767,-2.32079);(2.35124,-1.65236)
5.45;(3.51929,-0.124082);(3.21266,2.38932);(1.09619,2.94097);(-1.20696,3.18331);(-2.00697,1.5206);(-3.70234,-0.0614935);(-1.93362,-1.36999);(-1.04762,-3.21779);(0.549468,-2.25621);(2.30419,-1.61604)
5.5;(3.46606,-0.128362);(3.17142,2.36259);(1.0797,2.88003);(-1.19802,3.13415);(-1.94794,1.48548);(-3.64549,-0.0645704);(-1.89005,-1.33179);(-1.03087,-3.16157);(0.526443,-2.19213);(2.26157,-1.58057)
5.55;(3.41654,-0.130928);(3.13143,2.33554);(1.06425,2.82069);(-1.18825,3.08431);(-1.88962,1.45213);(-3.58875,-0.0676189);(-1.84938,-1.29412);(-1.01402,-3.10535);(0.506424,-2.12973);(2.21273,-1.54702)
5.6;(3.36604,-0.133859);(3.09088,2.30811);(1.04989,2.76287);(-1.17808,3.03438);(-1.83177,1.4206);(-3.53217,-0.0706095);(-1.81081,-1.25583);(-0.997592,-3.05091);(0.482833,-2.06793);(2.17072,-1.51424)
5.65;(3.31892,-0.135745);(3.04985,2.28036);(1.03743,2.70598);(-1.1678,2.98494);(-1.7741,1.39103);(-3.47677,-0.0743243);(-1.77476,-1.21689);(-0.981765,-2.99801);(0.463238,-2.00728);(2.1243,-1.48279)
5.7;(3.27072,-0.138214);(3.00881,2.25377);(1.02673,2.64998);(-1.15763,2.93548);(-1.71649,1.36265);(-3.42147,-0.0779136);(-1.74202,-1.17917);(-0.965884,-2.94501);(0.439229,-1.94672);(2.08518,-1.45292)
5.75;(3.22584,-0.139523);(2.96775,2.22793);(1.01709,2.5944);(-1.14713,2.88645);(-1.6579,1.33568);(-3.37254,-0.0832482);(-1.70904,-1.14056);(-0.950027,-2.89284);(0.420701,-1.8869);(2.04109,-1.42479)
5.8;(3.17982,-0.141543);(2.92639,2.20242);(1.01008,2.53967);(-1.13635,2.83786);(-1.59781,1.31077);(-3.32322,-0.0883365);(-1.6817,-1.10241);(-0.934393,-2.84135);(0.394809,-1.82454);(2.00688,-1.4013)
5.85;(3.13645,-0.14202);(2.8908,2.18201);(0.9977,2.4805);(-1.12506,2.78978);(-1.53981,1.28548);(-3.27356,-0.09314);(-1.65595,-1.0624);(-0.918714,-2.79002);(0.373903,-1.76476);(1.96745,-1.37957)
5.9;(3.09422,-0.142682);(2.85422,2.16036);(0.987807,2.42322);(-1.11309,2.74197);(-1.48418,1.26037);(-3.23302,-0.0998847);(-1.62155,-1.01863);(-0.903135,-2.73882);(0.355696,-1.70784);(1.92497,-1.35762)
5.95;(3.05084,-0.144068);(2.81675,2.13772);(0.980123,2.36786);(-1.10069,2.69452);(-1.42731,1.24034);(-3.19065,-0.106229);(-1.59295,-0.977988);(-0.888389,-2.68716);(0.341083,-1.65483);(1.88187,-1.33517)
6;(3.00643,-0.146458);(2.77881,2.11513);(0.974887,2.31439);(-1.08774,2.64747);(-1.37327,1.21881);(-3.14767,-0.112914);(-1.565,-0.935459);(-0.873691,-2.63555);(0.313406,-1.59963);(1.8533,-1.31627)
6.05;(2.96586,-0.145879);(2.74063,2.0923);(0.970381,2.2619);(-1.07411,2.60107);(-1.30842,1.20512);(-3.10405,-0.119361);(-1.554,-0.897122);(-0.858928,-2.58299);(0.292802,-1.55033);(1.81809,-1.30074)
6.10001;(2.92569,-0.146325);(2.70218,2.06938);(0.968817,2.21041);(-1.05959,2.55549);(-1.24929,1.18709);(-3.07596,-0.125197);(-1.52535,-0.858342);(-0.848308,-2.54161);(0.278661,-1.48831);(1.78024,-1.2842)
6.15001;(2.88626,-0.148191);(2.67295,2.05269);(0.959724,2.15408);(-1.04492,2.5104);(-1.19469,1.1684);(-3.04466,-0.130524);(-1.50127,-0.818666);(-0.837797,-2.4987);(0.271705,-1.43072);(1.73863,-1.26603)
6.20001;(2.84583,-0.150768);(2.64221,2.0355);(0.955372,2.1012);(-1.02977,2.46592);(-1.14587,1.14777);(-3.01075,-0.135385);(-1.47799,-0.779033);(-0.82807,-2.45466);(0.222702,-1.34607);(1.73863,-1.2756)
6.25001;(2.80449,-0.154288);(2.60977,2.01655);(0.95246,2.04889);(-1.01317,2.42328);(-1.10024,1.13295);(-2.97509,-0.139918);(-1.48867,-0.735509);(-0.816859,-2.40886);(0.213172,-1.2781);(1.73304,-1.28023)
6.30001;(2.76219,-0.159284);(2.5764,1.99678);(0.95444,1.99847);(-1.00912,2.42904);(-1.04502,1.06906);(-2.9838,-0.140345);(-1.44949,-0.695643);(-0.80418,-2.36141);(0.201381,-1.21675);(1.72264,-1.28062)
6.35001;(2.7214,-0.153059);(2.54211,1.97576);(0.953153,1.94819);(-1.00348,2.42844);(-0.96053,1.04572);(-2.98567,-0.140662);(-1.44931,-0.687062);(-0.82024,-2.32437);(0.215332,-1.17093);(1.70707,-1.28914)
6.40001;(2.68309,-0.150804);(2.50799,1.9696);(0.961748,1.90862);(-0.996282,2.42183);(-0.892996,1.00499);(-2.98135,-0.140901);(-1.44469,-0.669411);(-0.83136,-2.29049);(0.222024,-1.13207);(1.68737,-1.29308)
6.45001;(2.64594,-0.15109);(2.47277,1.96089);(0.970443,1.87599);(-0.987772,2.40988);(-0.832263,0.966112);(-2.97142,-0.141057);(-1.43466,-0.646958);(-0.839462,-2.25602);(0.224973,-1.09986);(1.66394,-1.29258)
6.50001;(2.60888,-0.15341);(2.46996,1.96464);(0.942454,1.82698);(-0.978251,2.39331);(-0.773356,0.93995);(-2.95681,-0.141158);(-1.41966,-0.622685);(-0.844439,-2.21873);(0.225833,-1.07295);(1.63592,-1.29217)
6.55001;(2.57155,-0.155617);(2.4628,1.96463);(0.936236,1.79561);(-0.967587,2.37269);(-0.734571,0.903654);(-2.93809,-0.141202);(-1.40242,-0.596691);(-0.846809,-2.17911);(0.223443,-1.05167);(1.60502,-1.28872)
6.60001;(2.53446,-0.157659);(2.45172,1.9612);(0.928336,1.76251);(-0.955639,2.34875);(-0.697045,0.875331);(-2.91584,-0.141105);(-1.38079,-0.565047);(-0.847863,-2.14049);(0.201651,-1.02047);(1.59056,-1.29844)
6.65001;(2.49606,-0.160797);(2.43706,1.95467);(0.922748,1.73287);(-0.942253,2.32275);(-0.66289,0.852819);(-2.89037,-0.140835);(-1.36983,-0.5255);(-0.848761,-2.10476);(0.19672,-1.00133);(1.57192,-1.30323)
6.70001;(2.45728,-0.165343);(2.41916,1.94532);(0.920563,1.70581);(-0.927369,2.29555);(-0.632154,0.830257);(-2.86217,-0.140388);(-1.35455,-0.486781);(-0.849986,-2.06822);(0.191884,-0.982923);(1.5494,-1.30357)
6.75001;(2.41892,-0.167861);(2.39838,1.93348);(0.9204,1.67999);(-0.910554,2.26762);(-0.603388,0.809342);(-2.83168,-0.139646);(-1.3353,-0.449074);(-0.852787,-2.03142);(0.187973,-0.965332);(1.52249,-1.30344)
6.80001;(2.38052,-0.170745);(2.37541,1.92008);(0.922101,1.65496);(-0.893404,2.2382);(-0.533247,0.816501);(-2.7993,-0.138424);(-1.35725,-0.439709);(-0.856819,-1.99332);(0.185489,-0.949625);(1.49221,-1.3007)
6.85001;(2.34181,-0.173583);(2.3609,1.91226);(0.959232,1.64998);(-0.876502,2.20607);(-0.502899,0.793387);(-2.81541,-0.125038);(-1.32996,-0.439056);(-0.857483,-1.95356);(0.151132,-0.912061);(1.483,-1.31351)
6.90001;(2.30214,-0.176871);(2.39517,1.91539);(0.948344,1.63107);(-0.858609,2.1719);(-0.460589,0.802461);(-2.82401,-0.112832);(-1.34751,-0.41629);(-0.857148,-1.95843);(0.164896,-0.888073);(1.46912,-1.32099)
6.95001;(2.26406,-0.180627);(2.42168,1.91481);(0.972332,1.63023);(-0.844433,2.13586);(-0.449262,0.785744);(-2.82729,-0.102213);(-1.35583,-0.391052);(-0.854854,-1.95691);(0.171531,-0.861583);(1.45109,-1.32361)
7.00001;(2.22775,-0.184807);(2.44113,1.91086);(0.99184,1.62327);(-0.834944,2.11098);(-0.434923,0.762247);(-2.82423,-0.0925292);(-1.35727,-0.364096);(-0.85094,-1.94962);(0.177658,-0.839686);(1.42944,-1.32186)
7.05001;(2.1952,-0.182782);(2.45417,1.90388);(1.00727,1.61077);(-0.824689,2.08285);(-0.424504,0.750289);(-2.81543,-0.0836986);(-1.35245,-0.335593);(-0.845862,-1.93741);(0.184776,-0.82606);(1.40285,-1.32261)
7.10001;(2.16286,-0.18017);(2.46139,1.89414);(1.019,1.59324);(-0.815974,2.06185);(-0.408276,0.730705);(-2.80143,-0.0756096);(-1.34353,-0.307348);(-0.840616,-1.92083);(0.156114,-0.777508);(1.41123,-1.35742)
7.15001;(2.12847,-0.177974);(2.46333,1.88191);(1.02735,1.57115);(-0.805106,2.04037);(-0.401219,0.760274);(-2.78276,-0.0681924);(-1.35473,-0.274523);(-0.833901,-1.90003);(0.150486,-0.773335);(1.41334,-1.38483)
7.20001;(2.09051,-0.181013);(2.46047,1.86741);(1.03441,1.55067);(-0.813223,2.06513);(-0.374808,0.74374);(-2.79165,-0.0668343);(-1.32699,-0.23525);(-0.831679,-1.8816);(0.147796,-0.757488);(1.40977,-1.40551)
7.25001;(2.05505,-0.184643);(2.45326,1.85086);(1.04083,1.52801);(-0.818537,2.08152);(-0.305201,0.752389);(-2.7937,-0.0655613);(-1.34594,-0.213896);(-0.827945,-1.85925);(0.141397,-0.756485);(1.40106,-1.42008)
7.30001;(2.01841,-0.186963);(2.4463,1.83523);(1.09043,1.53054);(-0.821309,2.09032);(-0.276816,0.73274);(-2.78954,-0.0643603);(-1.35697,-0.190541);(-0.83215,-1.8412);(0.141096,-0.741412);(1.38769,-1.4291)
7.35001;(1.98611,-0.190171);(2.48853,1.8285);(1.09117,1.52243);(-0.821772,2.09221);(-0.24915,0.741739);(-2.77987,-0.0632438);(-1.36081,-0.165386);(-0.833974,-1.8189);(0.135132,-0.750863);(1.3701,-1.43307)
7.40001;(1.95143,-0.191296);(2.52223,1.81901);(1.10317,1.51648);(-0.819862,2.08808);(-0.232122,0.737909);(-2.7653,-0.0621764);(-1.35839,-0.138836);(-0.850924,-1.80163);(0.139488,-0.742701);(1.35323,-1.43513)
7.45001;(1.92003,-0.192305);(2.54817,1.80704);(1.11186,1.50502);(-0.815651,2.07896);(-0.212049,0.73476);(-2.74632,-0.0606158);(-1.35044,-0.111513);(-0.864091,-1.78049);(0.135682,-0.733268);(1.33247,-1.43278)
7.50001;(1.8894,-0.194616);(2.56705,1.79282);(1.11983,1.48971);(-0.809192,2.06603);(-0.192004,0.728414);(-2.72361,-0.0585401);(-1.33761,-0.0841145);(-0.873582,-1.75599);(0.1272,-0.718643);(1.30819,-1.42642)
7.55001;(1.86117,-0.194257);(2.57954,1.77657);(1.12784,1.47123);(-0.800513,2.05048);(-0.165221,0.736285);(-2.69791,-0.0554796);(-1.32049,-0.0573162);(-0.879562,-1.72852);(0.107336,-0.716034);(1.27887,-1.42161)
7.60001;(1.82946,-0.193659);(2.58622,1.75849);(1.15069,1.45337);(-0.789706,2.033);(-0.153308,0.733919);(-2.66988,-0.0515192);(-1.29953,-0.0316811);(-0.903656,-1.71596);(0.106219,-0.687639);(1.2494,-1.41529)
7.65001;(1.80299,-0.194931);(2.59295,1.74041);(1.16372,1.42934);(-0.779852,2.01788);(-0.114997,0.7636);(-2.63878,-0.0479984);(-1.30324,-0.00950932);(-0.923397,-1.6986);(0.104265,-0.689829);(1.21656,-1.40661)
7.70001;(1.77481,-0.194688);(2.5944,1.72068);(1.22674,1.40593);(-0.768758,1.99826);(-0.125896,0.784433);(-2.65613,-0.0568031);(-1.25836,0.0244566);(-0.939319,-1.67678);(0.0632176,-0.660846);(1.22402,-1.42755)
7.75001;(1.7428,-0.19464);(2.64283,1.71804);(1.24284,1.36523);(-0.780151,2.02331);(-0.0868075,0.806335);(-2.66585,-0.0647655);(-1.26309,0.0522203);(-0.951622,-1.65102);(0.0579248,-0.666815);(1.22535,-1.44228)
7.80001;(1.70408,-0.221743);(2.6821,1.71234);(1.2604,1.35151);(-0.788448,2.03995);(-0.0458241,0.821702);(-2.66864,-0.0719598);(-1.26116,0.0812905);(-0.96063,-1.62169);(0.0488,-0.66747);(1.22114,-1.45139)
7.85001;(1.67141,-0.199213);(2.71305,1.70386);(1.31349,1.33846);(-0.794041,2.04923);(-0.0427483,0.825608);(-2.66514,-0.0784538);(-1.25307,0.111265);(-0.96664,-1.58914);(0.0300359,-0.659941);(1.21061,-1.5101)
7.90001;(1.63894,-0.181212);(2.74606,1.69803);(1.34957,1.31536);(-0.797242,2.0528);(-0.0376942,0.826822);(-2.6561,-0.0844486);(-1.23962,0.141572);(-1.00121,-1.57578);(0.0422514,-0.624114);(1.19566,-1.55909)
7.95001;(1.62762,-0.163539);(2.77132,1.68946);(1.37981,1.28829);(-0.798375,2.05229);(-0.0153804,0.858527);(-2.64289,-0.0873896);(-1.24262,0.171064);(-1.02938,-1.56017);(0.0360793,-0.621612);(1.1767,-1.59923)
8.00001;(1.60327,-0.194139);(2.78954,1.6784);(1.41579,1.3109);(-0.796222,2.04766);(0.0103445,0.882745);(-2.62598,-0.0875729);(-1.24022,0.199725);(-1.05171,-1.54252);(0.0284591,-0.612496);(1.15414,-1.63131)
8.05001;(1.5747,-0.221797);(2.80136,1.6651);(1.44591,1.32532);(-0.790754,2.04041);(0.0391493,0.90015);(-2.60586,-0.0853071);(-1.23322,0.226557);(-1.06872,-1.52298);(0.0196232,-0.597388);(1.12831,-1.65608)
8.10001;(1.54229,-0.246715);(2.8308,1.64385);(1.44728,1.33825);(-0.782066,2.03168);(0.0707352,0.911356);(-2.58299,-0.0809559);(-1.22224,0.251);(-1.08085,-1.50171);(0.00980339,-0.576925);(1.09953,-1.67425)
8.15001;(1.50654,-0.268485);(2.85279,1.62131);(1.46732,1.3548);(-0.770339,2.02218);(0.0834871,0.90603);(-2.55789,-0.0748669);(-1.20765,0.272928);(-1.0885,-1.47884);(-0.000785787,-0.551725);(1.06794,-1.68706)
8.20001;(1.46799,-0.286576);(2.86802,1.59762);(1.48295,1.36373);(-0.755802,2.01235);(0.113837,0.91576);(-2.53106,-0.0674098);(-1.19796,0.301879);(-1.092,-1.45445);(-0.0170973,-0.550925);(1.03359,-1.6958)
8.25001;(1.43835,-0.302862);(2.87711,1.5729);(1.49935,1.36799);(-0.736556,2.00337);(0.142028,0.917744);(-2.50275,-0.0576323);(-1.18681,0.325966);(-1.11231,-1.44085);(-0.0240289,-0.53012);(0.996686,-1.70112)
8.30001;(1.40497,-0.317468);(2.88061,1.54725);(1.51386,1.36722);(-0.713373,1.99302);(0.170836,0.913473);(-2.47189,-0.0487597);(-1.17401,0.347729);(-1.12847,-1.42259);(-0.0316424,-0.50439);(0.957899,-1.70153)
8.35001;(1.3702,-0.328533);(2.87905,1.52075);(1.52796,1.36297);(-0.685553,1.98108);(0.198879,0.902442);(-2.43906,-0.0408996);(-1.16778,0.375845);(-1.14085,-1.40013);(-0.0325277,-0.482121);(0.915424,-1.69948)
8.40001;(1.38175,-0.352998);(2.87322,1.49341);(1.54141,1.35811);(-0.658435,1.96415);(0.226296,0.882822);(-2.40514,-0.0271072);(-1.15582,0.405105);(-1.14876,-1.38061);(-0.0800693,-0.441875);(0.871604,-1.69318)
8.45001;(1.38576,-0.374996);(2.89084,1.45665);(1.52378,1.35649);(-0.616883,1.95302);(0.256162,0.860282);(-2.37578,-0.0146948);(-1.17915,0.469786);(-1.1559,-1.3527);(-0.0932808,-0.437981);(0.828836,-1.68731)
8.50001;(1.38291,-0.394744);(2.90207,1.42011);(1.54132,1.3904);(-0.581649,1.93876);(0.256365,0.79749);(-2.3462,0.00343888);(-1.19398,0.532175);(-1.17199,-1.33268);(-0.0924546,-0.423313);(0.784767,-1.67752)
8.55001;(1.37385,-0.41244);(2.90748,1.38378);(1.55466,1.4151);(-0.547717,1.91971);(0.274185,0.781493);(-2.31387,0.0203001);(-1.20109,0.592446);(-1.18598,-1.30499);(-0.109144,-0.455476);(0.738987,-1.67252)
8.60001;(1.35915,-0.428261);(2.90761,1.34766);(1.56418,1.43145);(-0.515329,1.90084);(0.296126,0.75783);(-2.27851,0.0355902);(-1.20116,0.650763);(-1.19635,-1.27397);(-0.149896,-0.44381);(0.721815,-1.70852)
8.65001;(1.34101,-0.453866);(2.90312,1.31166);(1.57025,1.44021);(-0.484007,1.87759);(0.319604,0.743304);(-2.24958,0.0671033);(-1.19484,0.707276);(-1.24084,-1.27951);(-0.151052,-0.401614);(0.701006,-1.73668)
8.70002;(1.31807,-0.47684);(2.89424,1.27587);(1.57317,1.4421);(-0.454471,1.86002);(0.375626,0.766737);(-2.21871,0.0957744);(-1.18269,0.762125);(-1.27885,-1.27865);(-0.183782,-0.398186);(0.676911,-1.75773)
8.75002;(1.29078,-0.497414);(2.88139,1.24026);(1.61902,1.46962);(-0.380776,1.8659);(0.390246,0.762137);(-2.18466,0.121744);(-1.21393,0.792114);(-1.31096,-1.27201);(-0.215501,-0.388195);(0.649845,-1.77229)
8.80002;(1.25984,-0.515419);(2.86492,1.20483);(1.65997,1.48958);(-0.313979,1.86406);(0.408906,0.753312);(-2.18724,0.113665);(-1.20859,0.856201);(-1.33771,-1.26012);(-0.240511,-0.382306);(0.619794,-1.78134)
8.85002;(1.2263,-0.530082);(2.84516,1.16956);(1.69708,1.50382);(-0.254079,1.85405);(0.431228,0.740651);(-2.18783,0.114898);(-1.1973,0.917838);(-1.35653,-1.25222);(-0.263945,-0.369952);(0.586328,-1.78638)
8.90002;(1.19063,-0.541598);(2.82389,1.13388);(1.72811,1.5107);(-0.197913,1.83882);(0.455389,0.725093);(-2.18202,0.121583);(-1.18058,0.977223);(-1.37284,-1.24477);(-0.285855,-0.351892);(0.549567,-1.78787)
8.95002;(1.15309,-0.550387);(2.84058,1.06563);(1.72086,1.54973);(-0.145162,1.81882);(0.480783,0.706723);(-2.17295,0.12782);(-1.15893,1.03454);(-1.38521,-1.23217);(-0.305467,-0.32884);(0.509736,-1.78599)
9.00002;(1.11405,-0.556817);(2.85088,1.00063);(1.71165,1.57909);(-0.0955316,1.79451);(0.509211,0.685394);(-2.16163,0.133262);(-1.13278,1.08995);(-1.394,-1.21489);(-0.322281,-0.300867);(0.466951,-1.78092)
9.05002;(1.07505,-0.561024);(2.85538,0.938603);(1.70067,1.59969);(-0.0487559,1.76627);(0.540392,0.661378);(-2.14957,0.142545);(-1.10255,1.1436);(-1.3987,-1.19872);(-0.336076,-0.267637);(0.420088,-1.77303)
9.10002;(1.03399,-0.564727);(2.8546,0.879287);(1.6881,1.61233);(-0.00716818,1.75073);(0.576647,0.618653);(-2.13579,0.15195);(-1.0686,1.19565);(-1.40448,-1.17654);(-0.347111,-0.228921);(0.375365,-1.76542)
9.15002;(0.997446,-0.618226);(2.85048,0.821927);(1.69773,1.62354);(0.00863813,1.72464);(0.608621,0.625744);(-2.11864,0.167307);(-1.03126,1.24622);(-1.40706,-1.15665);(-0.359069,-0.186887);(0.326056,-1.75541)
9.20002;(0.998472,-0.638728);(2.84185,0.766886);(1.70385,1.62766);(0.0730516,1.71027);(0.64301,0.627506);(-2.10253,0.178537);(-1.0425,1.28495);(-1.41136,-1.12544);(-0.366391,-0.139221);(0.239046,-1.77824)
9.25002;(0.992932,-0.656956);(2.82913,0.713965);(1.74391,1.62981);(0.111911,1.73888);(0.693464,0.581919);(-2.08752,0.20506);(-1.04614,1.32338);(-1.40716,-1.10772);(-0.374984,-0.0890675);(0.155015,-1.79429)
9.30002;(0.973108,-0.723101);(2.81964,0.662984);(1.77763,1.62572);(0.148815,1.75863);(0.75565,0.584937);(-2.06787,0.229025);(-1.04368,1.36311);(-1.40087,-1.08581);(-0.383935,-0.0382328);(0.0737146,-1.80415)
9.35002;(0.948651,-0.782694);(2.80612,0.613777);(1.81255,1.63002);(0.183924,1.77034);(0.810471,0.568917);(-2.05157,0.246265);(-1.03549,1.4051);(-1.39269,-1.06009);(-0.385847,0.0164886);(-0.00508068,-1.80838)
9.40002;(0.919992,-0.836308);(2.80056,0.559384);(1.84157,1.62788);(0.217383,1.77475);(0.853913,0.556467);(-2.03154,0.264175);(-1.02256,1.44984);(-1.38201,-1.03332);(-0.388462,0.0696375);(-0.0815789,-1.80746)
9.45002;(0.887523,-0.884462);(2.79058,0.507112);(1.86524,1.61992);(0.249328,1.77253);(0.898655,0.540439);(-2.00829,0.283437);(-1.00402,1.49647);(-1.36889,-1.00635);(-0.393016,0.121931);(-0.15597,-1.80185)
9.50002;(0.851598,-0.927632);(2.77658,0.456779);(1.88403,1.60667);(0.279882,1.7643);(0.944568,0.521152);(-1.98185,0.303732);(-0.980584,1.54196);(-1.35383,-0.978997);(-0.399129,0.176275);(-0.22843,-1.79196)
9.55002;(0.812541,-0.966253);(2.7727,0.397935);(1.89918,1.58822);(0.308374,1.751);(0.977772,0.509186);(-1.95232,0.325138);(-0.952705,1.58641);(-1.3372,-0.951494);(-0.406662,0.232477);(-0.299117,-1.77817)
9.60002;(0.770644,-1.00072);(2.76421,0.341672);(1.91512,1.57259);(0.334546,1.73329);(1.00953,0.485867);(-1.95071,0.322532);(-0.920781,1.62988);(-1.33838,-0.877269);(-0.384372,0.315427);(-0.351448,-1.81089)
9.65002;(0.726171,-1.0314);(2.75153,0.28777);(1.92777,1.55236);(0.398841,1.74792);(1.04364,0.459947);(-1.97839,0.360445);(-0.908305,1.71942);(-1.3095,-0.842992);(-0.382785,0.352863);(-0.403827,-1.83572)
9.70002;(0.679363,-1.05861);(2.73505,0.236027);(1.93653,1.528);(0.458676,1.75496);(1.07989,0.431664);(-1.99748,0.394666);(-0.890326,1.80374);(-1.28081,-0.806062);(-0.383377,0.393711);(-0.456225,-1.85337)
9.75002;(0.630437,-1.08267);(2.73335,0.173758);(1.97795,1.46577);(0.477628,1.79079);(1.09982,0.413733);(-2.00878,0.425519);(-0.867333,1.88329);(-1.25231,-0.766723);(-0.385956,0.437651);(-0.508616,-1.86447)
9.80002;(0.579593,-1.10384);(2.72682,0.114459);(2.01276,1.40333);(0.496271,1.81704);(1.1232,0.392698);(-2.01301,0.453303);(-0.839771,1.95845);(-1.22398,-0.725195);(-0.390344,0.484394);(-0.560983,-1.86962)
9.85002;(0.527009,-1.12238);(2.71587,0.0578737);(2.04157,1.34069);(0.51464,1.83463);(1.1497,0.368846);(-2.01082,0.478287);(-0.808045,2.02961);(-1.19584,-0.681703);(-0.396381,0.53368);(-0.613307,-1.86934)
9.90002;(0.472847,-1.13852);(2.70092,0.00376871);(2.11602,1.29845);(0.532842,1.84438);(1.13108,0.323471);(-2.00281,0.500717);(-0.772526,2.09708);(-1.16796,-0.636453);(-0.403921,0.585271);(-0.665577,-1.86413)
9.95002;(0.417256,-1.15246);(2.68232,-0.0480689);(2.18072,1.25418);(0.551421,1.84689);(1.1195,0.277559);(-1.98951,0.520819);(-0.73355,2.16119);(-1.14086,-0.589481);(-0.412829,0.638952);(-0.71778,-1.85442)
10;(0.360368,-1.16439);(2.6604,-0.0978342);(2.23653,1.20809);(0.569681,1.84291);(1.11433,0.231184);(-1.97143,0.538798);(-0.691424,2.22221);(-1.11383,-0.541018);(-0.422983,0.694528);(-0.76991,-1.84062)
10.05;(0.330701,-1.17539);(2.63773,-0.146884);(2.28423,1.16036);(0.587641,1.83302);(1.11274,0.18559);(-1.94899,0.554842);(-0.646427,2.2804);(-1.08686,-0.491203);(-0.434275,0.751822);(-0.850353,-1.82221)
10.1;(0.297339,-1.18463);(2.61662,-0.196277);(2.32456,1.11117);(0.60532,1.81778);(1.11214,0.141731);(-1.96839,0.580601);(-0.598816,2.33599);(-1.01416,-0.451639);(-0.446601,0.810673);(-0.928073,-1.80048)
10.15;(0.260627,-1.19227);(2.59658,-0.246273);(2.35816,1.06065);(0.623498,1.80011);(1.11282,0.0997715);(-1.97997,0.603682);(-0.548822,2.3892);(-0.946547,-0.412308);(-0.459872,0.870937);(-1.0033,-1.77572)
10.2;(0.220874,-1.19846);(2.57733,-0.297445);(2.38562,1.00896);(0.642552,1.78028);(1.11483,0.0601972);(-1.98446,0.624323);(-0.496656,2.44023);(-0.883998,-0.373235);(-0.474002,0.93248);(-1.07625,-1.74818)
10.25;(0.178363,-1.20332);(2.55479,-0.346535);(2.4075,0.956203);(0.662847,1.7585);(1.12209,0.0196707);(-1.98251,0.64274);(-0.442512,2.48926);(-0.826523,-0.334391);(-0.488915,0.995185);(-1.14711,-1.71813)
10.3;(0.133351,-1.20697);(2.54268,-0.402226);(2.42429,0.902495);(0.684746,1.73486);(1.12068,-0.0131993);(-1.97472,0.659128);(-0.386565,2.53646);(-0.774162,-0.29566);(-0.504543,1.05894);(-1.21607,-1.68576)
10.35;(0.0860694,-1.20951);(2.52659,-0.455385);(2.43644,0.847934);(0.708632,1.7093);(1.12485,-0.0476112);(-1.96163,0.673667);(-0.328976,2.58198);(-0.727,-0.256801);(-0.520822,1.12365);(-1.28328,-1.65129)
10.4;(0.0367291,-1.21105);(2.50689,-0.506228);(2.44436,0.79261);(0.734985,1.68155);(1.1341,-0.0834079);(-1.94373,0.686521);(-0.26989,2.62596);(-0.685247,-0.217357);(-0.537694,1.18923);(-1.34889,-1.61489)
10.45;(-0.0144787,-1.21167);(2.4839,-0.554954);(2.44843,0.7366);(0.766101,1.65042);(1.14796,-0.120448);(-1.92147,0.697839);(-0.209439,2.66852);(-0.65095,-0.176005);(-0.555107,1.25559);(-1.41304,-1.57673)
10.5;(-0.0673806,-1.21145);(2.48784,-0.624531);(2.45319,0.68095);(0.795645,1.6159);(1.1319,-0.136791);(-1.89525,0.707756);(-0.147746,2.70979);(-0.617548,-0.132577);(-0.573012,1.32266);(-1.47585,-1.53697)
10.55;(-0.121819,-1.21046);(2.48628,-0.690214);(2.45435,0.62466);(0.823749,1.57828);(1.12282,-0.156153);(-1.86544,0.716397);(-0.0849195,2.74987);(-0.584967,-0.0872606);(-0.591367,1.39037);(-1.53744,-1.49575)
10.6;(-0.177652,-1.20878);(2.47973,-0.75234);(2.45225,0.5678);(0.850537,1.53785);(1.12009,-0.178242);(-1.83237,0.723875);(-0.0210608,2.78886);(-0.553138,-0.0402282);(-0.610132,1.45867);(-1.5979,-1.45319)
10.65;(-0.234749,-1.20646);(2.46862,-0.811213);(2.44716,0.510428);(0.87612,1.49488);(1.12312,-0.202794);(-1.79635,0.730292);(0.0437387,2.82685);(-0.522001,0.00836419);(-0.62927,1.5275);(-1.65734,-1.4094)
10.7;(-0.292993,-1.20357);(2.45338,-0.867114);(2.43936,0.452599);(0.9006,1.4496);(1.13139,-0.22957);(-1.75764,0.735742);(0.109396,2.86392);(-0.491497,0.0583749);(-0.648748,1.59681);(-1.71585,-1.3645)
10.75;(-0.352278,-1.20014);(2.43437,-0.920299);(2.44777,0.395877);(0.925393,1.40473);(1.12441,-0.262399);(-1.7165,0.740311);(0.175834,2.90015);(-0.461574,0.109675);(-0.668537,1.66655);(-1.77349,-1.31857)
10.8;(-0.412506,-1.19623);(2.41194,-0.971001);(2.45219,0.338654);(0.94914,1.35773);(1.12362,-0.296659);(-1.67315,0.744077);(0.242986,2.93561);(-0.432185,0.162147);(-0.688609,1.73669);(-1.83034,-1.27172)
10.85;(-0.473591,-1.19188);(2.3864,-1.01943);(2.45296,0.280984);(0.971929,1.30878);(1.12846,-0.332198);(-1.6278,0.747111);(0.310786,2.97036);(-0.403285,0.215685);(-0.708939,1.80718);(-1.88647,-1.22402)
10.9;(-0.535452,-1.18712);(2.35802,-1.06579);(2.45042,0.222917);(0.993841,1.25806);(1.13842,-0.368885);(-1.63032,0.735708);(0.379179,3.00445);(-0.32651,0.283648);(-0.729505,1.878);(-1.94195,-1.17553)
10.95;(-0.598017,-1.182);(2.34343,-1.14206);(2.45591,0.165117);(1.06447,1.2186);(1.12471,-0.376968);(-1.62659,0.72498);(0.448211,3.03831);(-0.29848,0.340475);(-0.750285,1.94912);(-1.99682,-1.12634)
11;(-0.661222,-1.17655);(2.32497,-1.21362);(2.45762,0.106949);(1.12975,1.17648);(1.11787,-0.388743);(-1.6172,0.714897);(0.517726,3.07159);(-0.270851,0.397979);(-0.771261,2.0205);(-2.05113,-1.0765)
11.05;(-0.725006,-1.17079);(2.303,-1.28091);(2.45587,0.048457);(1.19014,1.13195);(1.11726,-0.403833);(-1.60267,0.705377);(0.587682,3.10434);(-0.24359,0.456097);(-0.792416,2.09212);(-2.10494,-1.02607)
11.1;(-0.789316,-1.16475);(2.27781,-1.34428);(2.45098,-0.0103211);(1.24607,1.08522);(1.12231,-0.421923);(-1.58347,0.696373);(0.658039,3.1366);(-0.216665,0.514776);(-0.813734,2.16395);(-2.15828,-0.97509)
11.15;(-0.854103,-1.15846);(2.24971,-1.40408);(2.44322,-0.0693511);(1.29793,1.03649);(1.1325,-0.442729);(-1.56002,0.68784);(0.728762,3.16841);(-0.190049,0.573962);(-0.8352,2.23599);(-2.2112,-0.92362)
11.2;(-0.919322,-1.15194);(2.21895,-1.46062);(2.43284,-0.128603);(1.34605,0.985952);(1.14735,-0.465993);(-1.53273,0.67974);(0.799819,3.1998);(-0.163717,0.633612);(-0.856802,2.30821);(-2.26373,-0.871697)
11.25;(-0.984934,-1.1452);(2.18578,-1.51418);(2.47231,-0.191772);(1.39077,0.933756);(1.11227,-0.486815);(-1.50194,0.672035);(0.871181,3.23082);(-0.137643,0.693683);(-0.878527,2.38059);(-2.3159,-0.819361)
11.3;(-1.0509,-1.13827);(2.1504,-1.56502);(2.50475,-0.254753);(1.43239,0.880058);(1.08607,-0.510064);(-1.46799,0.664691);(0.942821,3.26149);(-0.111808,0.754136);(-0.900366,2.45311);(-2.36775,-0.766647)
11.35;(-1.11719,-1.13117);(2.11301,-1.61338);(2.53078,-0.317544);(1.47116,0.824993);(1.06795,-0.535492);(-1.43116,0.657679);(1.01472,3.29184);(-0.0861901,0.814937);(-0.922308,2.52577);(-2.4193,-0.713588)
11.4;(-1.18377,-1.1239);(2.0738,-1.65947);(2.55095,-0.380144);(1.50733,0.768684);(1.05718,-0.562877);(-1.39172,0.650969);(1.08684,3.3219);(-0.0607725,0.876055);(-0.944343,2.59855);(-2.47057,-0.660213)
11.45;(-1.25062,-1.11648);(2.03293,-1.70349);(2.56579,-0.442557);(1.54113,0.711244);(1.05308,-0.592021);(-1.34991,0.644537);(1.15918,3.35169);(-0.0355381,0.937461);(-0.966465,2.67144);(-2.52159,-0.60655)
11.5;(-1.31771,-1.10894);(1.99054,-1.74562);(2.57577,-0.504784);(1.57277,0.652776);(1.05506,-0.622743);(-1.30596,0.638358);(1.23171,3.38124);(-0.0104718,0.999129);(-0.988665,2.74443);(-2.57238,-0.552623)
11.55;(-1.38502,-1.10127);(1.94678,-1.78602);(2.58132,-0.566829);(1.60242,0.593373);(1.06256,-0.654883);(-1.26005,0.632412);(1.30441,3.41055);(0.0144405,1.06104);(-1.01094,2.81751);(-2.62295,-0.498454)
11.6;(-1.45253,-1.09348);(1.90176,-1.82484);(2.58282,-0.628697);(1.63026,0.533119);(1.07508,-0.688295);(-1.21237,0.626678);(1.37728,3.43966);(0.0392115,1.12316);(-1.03327,2.89068);(-2.67334,-0.444066)
11.65;(-1.52021,-1.0856);(1.8556,-1.86222);(2.58063,-0.690391);(1.65645,0.472091);(1.09217,-0.722848);(-1.16309,0.621139);(1.45029,3.46858);(0.063853,1.18548);(-1.05567,2.96391);(-2.72355,-0.389476)
11.7;(-1.58806,-1.07762);(1.8084,-1.89829);(2.57508,-0.751918);(1.70275,0.429655);(1.09179,-0.777722);(-1.11235,0.615778);(1.52343,3.49732);(0.0883757,1.24798);(-1.07812,3.03721);(-2.77359,-0.334701)
11.75;(-1.65606,-1.06956);(1.77604,-1.9821);(2.56647,-0.813283);(1.74565,0.384791);(1.0786,-0.78426);(-1.06029,0.610579);(1.5967,3.5259);(0.11279,1.31064);(-1.10062,3.11058);(-2.82349,-0.279758)
11.8;(-1.72419,-1.06142);(1.74135,-2.06026);(2.55506,-0.874493);(1.78545,0.33772);(1.0724,-0.794379);(-1.00703,0.605529);(1.67008,3.55433);(0.137103,1.37345);(-1.12317,3.184);(-2.87324,-0.224661)
11.85;(-1.79244,-1.05321);(1.70453,-2.13325);(2.5411,-0.935553);(1.8224,0.288644);(1.07255,-0.807738);(-0.952685,0.600616);(1.74356,3.58262);(0.161326,1.4364);(-1.14575,3.25747);(-2.92288,-0.169423)
11.9;(-1.86081,-1.04493);(1.66576,-2.20154);(2.52481,-0.996469);(1.85675,0.237745);(1.07845,-0.824032);(-0.897347,0.595828);(1.81714,3.61079);(0.185464,1.49947);(-1.16838,3.33098);(-2.97239,-0.114056)
11.95;(-1.92927,-1.0366);(1.62523,-2.26552);(2.5064,-1.05725);(1.88873,0.185191);(1.08958,-0.84298);(-0.841113,0.591153);(1.89079,3.63884);(0.209525,1.56265);(-1.19104,3.40453);(-3.02181,-0.0585706)
12;(-1.99782,-1.02821);(1.58307,-2.32557);(2.48606,-1.1179);(1.91854,0.131132);(1.10546,-0.864333);(-0.784065,0.586584);(1.96453,3.66679);(0.233515,1.62593);(-1.21373,3.47812);(-3.07112,-0.0029775)
12.05;(-2.06646,-1.01977);(1.53944,-2.38204);(2.46395,-1.17842);(1.94636,0.0757064);(1.12566,-0.887861);(-0.726279,0.58211);(2.03834,3.69464);(0.257441,1.68931);(-1.23645,3.55175);(-3.12035,0.0527144)
12.1;(-2.13517,-1.01129);(1.49446,-2.43523);(2.44023,-1.23882);(1.97237,0.0190384);(1.14978,-0.913359);(-0.667823,0.577723);(2.11221,3.7224);(0.281307,1.75277);(-1.2592,3.6254);(-3.16949,0.108497)
12.15;(-2.20395,-1.00276);(1.44826,-2.48544);(2.41504,-1.29912);(2.04074,-0.0110764);(1.13269,-0.967174);(-0.608758,0.573416);(2.18614,3.75007);(0.305119,1.8163);(-1.28197,3.69909);(-3.21856,0.164362)
12.2;(-2.27279,-0.9942);(1.40093,-2.53292);(2.38852,-1.3593);(2.10349,-0.0447833);(1.123,-1.02011);(-0.549142,0.569183);(2.26013,3.77767);(0.32888,1.87991);(-1.30476,3.77279);(-3.26757,0.220302)
12.25;(-2.34168,-0.985603);(1.35258,-2.57791);(2.37429,-1.4275);(2.16109,-0.081754);(1.10653,-1.0641);(-0.489025,0.565017);(2.33416,3.8052);(0.352595,1.94358);(-1.32757,3.84652);(-3.31651,0.276312)
12.3;(-2.41063,-0.976974);(1.3033,-2.62062);(2.35769,-1.49485);(2.21399,-0.12169);(1.09745,-1.10806);(-0.428454,0.560913);(2.40824,3.83267);(0.376269,2.0073);(-1.35041,3.92027);(-3.36539,0.332386)
12.35;(-2.47962,-0.968317);(1.25317,-2.66125);(2.33892,-1.56142);(2.26259,-0.16432);(1.09509,-1.15196);(-0.36747,0.556864);(2.48236,3.86008);(0.399903,2.07108);(-1.37325,3.99404);(-3.41421,0.388517)
12.4;(-2.54865,-0.959633);(1.20226,-2.69999);(2.31818,-1.62727);(2.30725,-0.209396);(1.09885,-1.19579);(-0.306112,0.552867);(2.55652,3.88743);(0.423502,2.13491);(-1.39612,4.06783);(-3.46299,0.444702)
12.45;(-2.61772,-0.950926);(1.15064,-2.73699);(2.29562,-1.69245);(2.34832,-0.256696);(1.10818,-1.23952);(-0.244415,0.548917);(2.63071,3.91473);(0.447068,2.19878);(-1.419,4.14163);(-3.51173,0.500935)
12.5;(-2.68683,-0.942196);(1.09837,-2.77242);(2.27141,-1.75703);(2.38609,-0.306015);(1.12258,-1.28314);(-0.182409,0.545011);(2.70494,3.94198);(0.470605,2.26269);(-1.44189,4.21544);(-3.56042,0.557213)
12.55;(-2.75596,-0.933447);(1.04552,-2.80639);(2.28162,-1.85787);(2.42086,-0.357168);(1.10328,-1.28982);(-0.120124,0.541143);(2.77919,3.9692);(0.494114,2.32664);(-1.46479,4.28927);(-3.60908,0.613532)
12.6;(-2.82513,-0.924679);(0.99213,-2.83905);(2.2871,-1.95478);(2.45288,-0.409987);(1.09172,-1.29979);(-0.0575852,0.537312);(2.85347,3.99637);(0.517598,2.39062);(-1.48771,4.36311);(-3.6577,0.669888)
12.65;(-2.89432,-0.915894);(0.938248,-2.8705);(2.28825,-2.04808);(2.48238,-0.464319);(1.08719,-1.31274);(0.00518405,0.533514);(2.92777,4.02351);(0.541058,2.45463);(-1.51063,4.43696);(-3.70629,0.726278)
12.7;(-2.96353,-0.907094);(0.883918,-2.90085);(2.28544,-2.13809);(2.50958,-0.520026);(1.08905,-1.32838);(0.0681623,0.529746);(3.0021,4.05061);(0.564498,2.51866);(-1.53356,4.51081);(-3.75485,0.7827)
12.75;(-3.03276,-0.89828);(0.82918,-2.9302);(2.279,-2.22509);(2.53467,-0.57698);(1.0967,-1.34645);(0.13133,0.526006);(3.07645,4.07768);(0.587918,2.58273);(-1.5565,4.58468);(-3.80339,0.83915)
12.8;(-3.10202,-0.889453);(0.77407,-2.95862);(2.26925,-2.30934);(2.55784,-0.635067);(1.10963,-1.36672);(0.19467,0.522292);(3.15081,4.10473);(0.611319,2.64681);(-1.57945,4.65855);(-3.8519,0.895627)
12.85;(-3.17129,-0.880614);(0.718619,-2.98621);(2.25647,-2.39108);(2.57925,-0.694184);(1.12734,-1.38898);(0.258166,0.5186);(3.22519,4.13174);(0.634705,2.71092);(-1.60241,4.73243);(-3.90038,0.952128)
12.9;(-3.24057,-0.871765);(0.662859,-3.01303);(2.24091,-2.47053);(2.59905,-0.754236);(1.14939,-1.41304);(0.321804,0.51493);(3.29959,4.15874);(0.658075,2.77504);(-1.62537,4.80632);(-3.94885,1.00865)
12.95;(-3.30987,-0.862906);(0.606815,-3.03915);(2.22281,-2.54787);(2.61738,-0.815137);(1.17539,-1.43872);(0.38557,0.511279);(3.374,4.18571);(0.681432,2.83918);(-1.64834,4.88021);(-3.9973,1.06519)
13;(-3.37918,-0.854038);(0.550512,-3.06463);(2.20239,-2.62329);(2.63435,-0.876809);(1.20498,-1.46587);(0.449454,0.507647);(3.44843,4.21266);(0.704775,2.90334);(-1.67131,4.95411);(-4.04573,1.12176)
13.05;(-3.44851,-0.845161);(0.493975,-3.08952);(2.17985,-2.69696);(2.65009,-0.939181);(1.23782,-1.49435);(0.513443,0.50403);(3.52287,4.23959);(0.728107,2.96751);(-1.69429,5.02801);(-4.09414,1.17834)
13.1;(-3.51784,-0.836277);(0.437221,-3.11388);(2.15536,-2.76902);(2.66471,-1.00219);(1.27363,-1.52403);(0.577528,0.500428);(3.59731,4.26651);(0.751429,3.03169);(-1.71727,5.10192);(-4.14254,1.23493)
13.15;(-3.58719,-0.827386);(0.380272,-3.13775);(2.12908,-2.83961);(2.70011,-1.068);(1.29029,-1.55257);(0.6417,0.496841);(3.67177,4.29341);(0.77474,3.09588);(-1.74026,5.17583);(-4.19093,1.29154)
13.2;(-3.65654,-0.818489);(0.323144,-3.16117);(2.10118,-2.90885);(2.73253,-1.13413);(1.31143,-1.58229);(0.705952,0.493265);(3.74624,4.32029);(0.798042,3.16009);(-1.76325,5.24974);(-4.2393,1.34816)
13.25;(-3.7259,-0.809586);(0.265852,-3.18419);(2.07179,-2.97687);(2.76222,-1.20054);(1.33662,-1.61308);(0.770275,0.489701);(3.82071,4.34716);(0.821336,3.2243);(-1.78624,5.32365);(-4.28766,1.4048)
13.3;(-3.79527,-0.800678);(0.208411,-3.20683);(2.04103,-3.04376);(2.78942,-1.26723);(1.3655,-1.64481);(0.834664,0.486148);(3.8952,4.37402);(0.844622,3.28853);(-1.80924,5.39757);(-4.33601,1.46144)
13.35;(-3.86464,-0.791765);(0.150833,-3.22913);(2.00902,-3.10962);(2.81433,-1.33415);(1.39774,-1.6774);(0.899111,0.482605);(3.96969,4.40086);(0.867901,3.35276);(-1.83224,5.47149);(-4.38435,1.5181)
13.4;(-3.93402,-0.782848);(0.0931317,-3.25112);(1.97587,-3.17454);(2.83715,-1.40129);(1.43302,-1.71076);(0.963613,0.47907);(4.04418,4.42769);(0.891174,3.417);(-1.85524,5.54542);(-4.43268,1.57476)
13.45;(-4.00341,-0.773926);(0.0353166,-3.27283);(1.94167,-3.23859);(2.85806,-1.46864);(1.47107,-1.7448);(1.02816,0.475543);(4.11869,4.45452);(0.914441,3.48125);(-1.87825,5.61934);(-4.481,1.63144)
13.5;(-4.0728,-0.765001);(-0.0226021,-3.29427);(1.90651,-3.30186);(2.87722,-1.53616);(1.51164,-1.77947);(1.09276,0.472024);(4.1932,4.48133);(0.937702,3.5455);(-1.90126,5.69327);(-4.52932,1.68812)
13.55;(-4.14219,-0.756072);(-0.0806153,-3.31548);(1.87048,-3.36441);(2.89477,-1.60385);(1.5545,-1.81469);(1.15739,0.468511);(4.26771,4.50814);(0.960958,3.60976);(-1.92427,5.7672);(-4.57763,1.74481)
13.6;(-4.21159,-0.74714);(-0.138715,-3.33647);(1.83364,-3.42629);(2.95977,-1.6857);(1.55053,-1.83641);(1.22206,0.465005);(4.34223,4.53494);(0.98421,3.67402);(-1.94728,5.84113);(-4.62593,1.8015)
13.65;(-4.28099,-0.738206);(-0.196893,-3.35726);(1.79606,-3.48757);(3.01886,-1.76638);(1.55298,-1.85985);(1.28677,0.461504);(4.41675,4.56173);(1.00746,3.73829);(-1.97029,5.91506);(-4.67423,1.8582)
13.7;(-4.3504,-0.729269);(-0.255143,-3.37787);(1.75782,-3.54829);(3.07253,-1.84602);(1.56128,-1.88486);(1.3515,0.458009);(4.49128,4.58851);(1.0307,3.80256);(-1.99331,5.98899);(-4.72252,1.91491)
13.75;(-4.41981,-0.720329);(-0.313459,-3.39831);(1.71895,-3.60851);(3.12125,-1.9247);(1.57488,-1.91126);(1.41626,0.454518);(4.56581,4.61529);(1.05394,3.86683);(-2.01632,6.06292);(-4.7708,1.97162)
13.8;(-4.48922,-0.711387);(-0.371835,-3.4186);(1.67952,-3.66826);(3.16544,-2.00252);(1.5933,-1.93893);(1.48105,0.451032);(4.64034,4.64206);(1.07718,3.93111);(-2.03934,6.13686);(-4.81908,2.02834)
13.85;(-4.55863,-0.702443);(-0.430266,-3.43875);(1.63957,-3.72758);(3.20546,-2.07955);(1.61611,-1.96772);(1.54585,0.44755);(4.71488,4.66882);(1.10041,3.99539);(-2.06236,6.21079);(-4.86736,2.08506)
13.9;(-4.62805,-0.693498);(-0.488747,-3.45878);(1.59914,-3.78652);(3.24169,-2.15586);(1.6429,-1.99753);(1.61068,0.444071);(4.78941,4.69558);(1.12364,4.05968);(-2.08538,6.28473);(-4.91563,2.14179)
13.95;(-4.69747,-0.68455);(-0.547273,-3.47868);(1.55829,-3.84509);(3.27442,-2.23153);(1.67332,-2.02825);(1.67553,0.440596);(4.86396,4.72234);(1.14687,4.12397);(-2.1084,6.35867);(-4.9639,2.19851)
14;(-4.76688,-0.675601);(-0.605841,-3.49849);(1.51703,-3.90334);(3.30396,-2.30661);(1.70702,-2.05979);(1.74039,0.437124);(4.9385,4.74909);(1.17009,4.18826);(-2.13143,6.43261);(-5.01217,2.25525)
14.05;(-4.83631,-0.666651);(-0.664447,-3.51819);(1.47541,-3.96129);(3.33058,-2.38115);(1.74372,-2.09207);(1.80527,0.433655);(5.01305,4.77583);(1.19332,4.25255);(-2.15445,6.50655);(-5.06043,2.31198)
14.1;(-4.90573,-0.657699);(-0.723088,-3.5378);(1.43345,-4.01897);(3.35452,-2.45521);(1.78313,-2.12501);(1.87016,0.430188);(5.08759,4.80258);(1.21654,4.31684);(-2.17747,6.58048);(-5.10869,2.36872)
14.15;(-4.97515,-0.648746);(-0.781761,-3.55734);(1.39119,-4.07639);(3.37599,-2.52882);(1.82502,-2.15853);(1.93507,0.426724);(5.16215,4.82932);(1.23976,4.38114);(-2.2005,6.65442);(-5.15695,2.42546)
14.2;(-5.04458,-0.639792);(-0.840463,-3.5768);(1.34865,-4.13358);(3.39522,-2.60203);(1.86915,-2.19259);(1.99999,0.423262);(5.2367,4.85605);(1.26298,4.44544);(-2.22353,6.72836);(-5.2052,2.48221)
14.25;(-5.114,-0.630837);(-0.899191,-3.59619);(1.30584,-4.19056);(3.41239,-2.67488);(1.91532,-2.22713);(2.06491,0.419802);(5.31125,4.88279);(1.28619,4.50974);(-2.24655,6.8023);(-5.25346,2.53895)
14.3;(-5.18343,-0.621881);(-0.957944,-3.61552);(1.26281,-4.24734);(3.42766,-2.74739);(1.96335,-2.26209);(2.12985,0.416344);(5.38581,4.90952);(1.30941,4.57404);(-2.26958,6.87624);(-5.30171,2.5957)
14.35;(-5.25286,-0.612924);(-1.01672,-3.63479);(1.21955,-4.30395);(3.4412,-2.8196);(2.01306,-2.29744);(2.19479,0.412887);(5.46036,4.93624);(1.33262,4.63834);(-2.29261,6.95018);(-5.34995,2.65245)
14.4;(-5.32229,-0.603967);(-1.07551,-3.65401);(1.1761,-4.3604);(3.45314,-2.89154);(2.06431,-2.33312);(2.25975,0.409432);(5.53492,4.96297);(1.35583,4.70264);(-2.31564,7.02413);(-5.3982,2.7092)
14.45;(-5.39172,-0.595008);(-1.13433,-3.67318);(1.13247,-4.41669);(3.46364,-2.96322);(2.11695,-2.36912);(2.32471,0.405978);(5.60948,4.98969);(1.37904,4.76695);(-2.33867,7.09807);(-5.44645,2.76595)
14.5;(-5.46115,-0.586049);(-1.19316,-3.69231);(1.08867,-4.47285);(3.47279,-3.03468);(2.17085,-2.40538);(2.38967,0.402526);(5.68404,5.01641);(1.40225,4.83125);(-2.36169,7.17201);(-5.49469,2.82271)
14.55;(-5.53058,-0.57709);(-1.252,-3.71139);(1.04471,-4.52888);(3.48072,-3.10593);(2.22591,-2.4419);(2.45464,0.399075);(5.7586,5.04313);(1.42546,4.89556);(-2.38472,7.24595);(-5.54293,2.87946)
14.6;(-5.60001,-0.568129);(-1.31086,-3.73045);(1.00062,-4.58479);(3.48752,-3.17698);(2.28202,-2.47863);(2.51962,0.395625);(5.83316,5.06985);(1.44867,4.95987);(-2.40775,7.31989);(-5.59117,2.93622)
14.65;(-5.66944,-0.559169);(-1.36974,-3.74946);(0.956395,-4.6406);(3.49329,-3.24787);(2.33907,-2.51556);(2.5846,0.392176);(5.90772,5.09656);(1.47188,5.02418);(-2.43078,7.39384);(-5.63941,2.99298)
14.7;(-5.73888,-0.550208);(-1.42862,-3.76845);(0.912054,-4.69632);(3.49811,-3.3186);(2.39699,-2.55266);(2.64959,0.388728);(5.98229,5.12327);(1.49509,5.08848);(-2.45382,7.46778);(-5.68765,3.04974)
14.75;(-5.80831,-0.541246);(-1.48752,-3.78741);(0.867604,-4.75194);(3.50207,-3.38918);(2.4557,-2.58992);(2.71458,0.385281);(6.05685,5.14998);(1.51829,5.15279);(-2.47685,7.54172);(-5.73589,3.1065)
14.8;(-5.87774,-0.532284);(-1.54642,-3.80634);(0.823054,-4.80748);(3.50523,-3.45964);(2.51513,-2.62732);(2.77957,0.381834);(6.13142,5.17669);(1.5415,5.2171);(-2.49988,7.61566);(-5.78412,3.16326)
14.85;(-5.94718,-0.523322);(-1.60534,-3.82525);(0.778413,-4.86295);(3.50766,-3.52997);(2.5752,-2.66485);(2.84457,0.378388);(6.20598,5.2034);(1.5647,5.28141);(-2.52291,7.6896);(-5.83236,3.22002)
14.9;(-6.01661,-0.514359);(-1.66426,-3.84414);(0.733688,-4.91834);(3.50941,-3.6002);(2.63586,-2.70248);(2.90956,0.374943);(6.28055,5.23011);(1.58791,5.34572);(-2.54594,7.76355);(-5.88059,3.27679)
14.95;(-6.08604,-0.505396);(-1.72319,-3.86301);(0.688886,-4.97368);(3.51055,-3.67032);(2.69707,-2.74021);(2.97457,0.371499);(6.35512,5.25681);(1.61111,5.41003);(-2.56897,7.83749);(-5.92883,3.33355)
15;(-6.15548,-0.496433);(-1.78212,-3.88186);(0.644013,-5.02895);(3.51112,-3.74036);(2.75876,-2.77803);(3.03957,0.368055);(6.42969,5.28352);(1.63431,5.47435);(-2.59201,7.91143);(-5.97706,3.39031)
15.05;(-6.22491,-0.487469);(-1.84107,-3.90069);(0.599076,-5.08417);(3.51117,-3.81031);(2.82089,-2.81593);(3.10458,0.364611);(6.50425,5.31022);(1.65751,5.53866);(-2.61504,7.98538);(-6.02529,3.44708)
15.1;(-6.29435,-0.478505);(-1.90002,-3.91951);(0.554078,-5.13934);(3.51075,-3.88019);(2.88343,-2.8539);(3.16959,0.361168);(6.57882,5.33692);(1.68072,5.60297);(-2.63807,8.05932);(-6.07352,3.50384)
15.15;(-6.36378,-0.469541);(-1.95897,-3.93831);(0.509026,-5.19447);(3.50988,-3.95);(2.94634,-2.89193);(3.2346,0.357726);(6.65339,5.36362);(1.70392,5.66728);(-2.66111,8.13326);(-6.12176,3.56061)
15.2;(-6.43322,-0.460577);(-2.01793,-3.9571);(0.463923,-5.24956);(3.50861,-4.01975);(3.00958,-2.93001);(3.29961,0.354283);(6.72796,5.39032);(1.72712,5.7316);(-2.66111,8.13326);(-6.16999,3.61738)
15.25;(-6.50265,-0.451612);(-2.07689,-3.97588);(0.418774,-5.3046);(3.50698,-4.08944);(3.07313,-2.96814);(3.36462,0.350842);(6.72796,5.39032);(1.75032,5.79591);(-2.66111,8.13326);(-6.21822,3.67415)
15.3;(-6.57209,-0.442648);(-2.13586,-3.99465);(0.373583,-5.35962);(3.505,-4.15908);(3.13695,-3.00631);(3.42964,0.3474);(6.72796,5.39032);(1.77352,5.86022);(-2.66111,8.13326);(-6.26645,3.73091)
15.35;(-6.64152,-0.433683);(-2.19483,-4.01341);(0.328352,-5.4146);(3.50271,-4.22867);(3.20103,-3.04452);(3.49465,0.343959);(6.72796,5.39032);(1.79672,5.92453);(-2.66111,8.13326);(-6.31468,3.78768)
15.4;(-6.71096,-0.424718);(-2.25381,-4.03216);(0.283085,-5.46955);(3.50013,-4.29821);(3.26533,-3.08277);(3.55967,0.340518);(6.72796,5.39032);(1.81992,5.98885);(-2.66111,8.13326);(-6.3629,3.84445)
15.45;(-6.7804,-0.415753);(-2.31278,-4.0509);(0.237786,-5.52447);(3.49728,-4.36772);(3.32984,-3.12104);(3.62469,0.337077);(6.72796,5.39032);(1.84312,6.05316);(-2.66111,8.13326);(-6.41113,3.90122)
15.5;(-6.84983,-0.406788);(-2.37177,-4.06963);(0.192455,-5.57937);(3.4942,-4.43719);(3.39454,-3.15934);(3.68971,0.333637);(6.72796,5.39032);(1.86632,6.11748);(-2.66111,8.13326);(-6.45936,3.95799)
15.55;(-6.91927,-0.397822);(-2.43075,-4.08836);(0.147097,-5.63424);(3.49089,-4.50663);(3.45942,-3.19766);(3.75473,0.330197);(6.72796,5.39032);(1.88952,6.18179);(-2.66111,8.13326);(-6.50759,4.01476)
15.6;(-6.9887,-0.388857);(-2.48973,-4.10708);(0.101713,-5.6891);(3.48737,-4.57603);(3.52445,-3.236);(3.81975,0.326757);(6.72796,5.39032);(1.91272,6.24611);(-2.66111,8.13326);(-6.55582,4.07153)
15.65;(-7.05814,-0.379891);(-2.54872,-4.1258);(0.0563057,-5.74393);(3.48366,-4.64541);(3.58962,-3.27435);(3.88477,0.323317);(6.72796,5.39032);(1.93592,6.31042);(-2.66111,8.13326);(-6.60404,4.1283)
15.7;(-7.12758,-0.370926);(-2.60771,-4.14451);(0.0108762,-5.79875);(3.47978,-4.71476);(3.65492,-3.31272);(3.94979,0.319877);(6.72796,5.39032);(1.95912,6.37473);(-2.66111,8.13326);(-6.65227,4.18507)
15.75;(-7.19701,-0.36196);(-2.6667,-4.16321);(-0.0345733,-5.85355);(3.47574,-4.78409);(3.72035,-3.3511);(4.01481,0.316437);(6.72796,5.39032);(1.98232,6.43905);(-2.66111,8.13326);(-6.7005,4.24184)
15.8;(-7.26645,-0.352994);(-2.7257,-4.18191);(-0.0800414,-5.90833);(3.47155,-4.8534);(3.78588,-3.3895);(4.07984,0.312998);(6.72796,5.39032);(2.00552,6.50336);(-2.66111,8.13326);(-6.74872,4.29861)
15.85;(-7.33589,-0.344028);(-2.78469,-4.20061);(-0.125526,-5.9631);(3.46723,-4.92269);(3.8515,-3.4279);(4.14486,0.309559);(6.72796,5.39032);(2.02872,6.56768);(-2.66111,8.13326);(-6.79695,4.35538)
15.9;(-7.40532,-0.335062);(-2.84369,-4.2193);(-0.171027,-6.01786);(3.46278,-4.99196);(3.91722,-3.46631);(4.20988,0.30612);(6.72796,5.39032);(2.05192,6.63199);(-2.66111,8.13326);(-6.84518,4.41215)
15.95;(-7.47476,-0.326096);(-2.90268,-4.23799);(-0.216543,-6.0726);(3.45821,-5.06122);(3.98302,-3.50473);(4.27491,0.302681);(6.72796,5.39032);(2.07512,6.69631);(-2.66111,8.13326);(-6.8934,4.46892)
16;(-7.5442,-0.31713);(-2.96168,-4.25667);(-0.262071,-6.12734);(3.45354,-5.13046);(4.04889,-3.54316);(4.33993,0.299242);(6.72796,5.39032);(2.09831,6.76062);(-2.66111,8.13326);(-6.94163,4.52569)
16.05;(-7.61363,-0.308164);(-3.02068,-4.27536);(-0.307612,-6.18206);(3.44877,-5.19968);(4.11483,-3.58158);(4.40496,0.295803);(6.72796,5.39032);(2.12151,6.82494);(-2.66111,8.13326);(-6.98985,4.58246)
16.1;(-7.68307,-0.299198);(-3.07968,-4.29404);(-0.353164,-6.23677);(3.44391,-5.26889);(4.18083,-3.62002);(4.46998,0.292364);(6.72796,5.39032);(2.14471,6.88925);(-2.66111,8.13326);(-7.03808,4.63924)
16.15;(-7.7525,-0.290232);(-3.13868,-4.31271);(-0.398727,-6.29148);(3.43897,-5.3381);(4.24689,-3.65845);(4.53501,0.288925);(6.72796,5.39032);(2.16791,6.95357);(-2.66111,8.13326);(-7.08631,4.69601)
16.2;(-7.82194,-0.281265);(-3.19769,-4.33139);(-0.444299,-6.34618);(3.43395,-5.40729);(4.313,-3.69689);(4.60003,0.285487);(6.72796,5.39032);(2.19111,7.01788);(-2.66111,8.13326);(-7.13453,4.75278)
16.25;(-7.89138,-0.272299);(-3.25669,-4.35006);(-0.489881,-6.40087);(3.42885,-5.47647);(4.37915,-3.73533);(4.66506,0.282048);(6.72796,5.39032);(2.21431,7.0822);(-2.66111,8.13326);(-7.13453,4.75278)
16.3;(-7.96081,-0.263333);(-3.31569,-4.36873);(-0.53547,-6.45555);(3.4237,-5.54564);(4.44535,-3.77377);(4.73008,0.27861);(6.72796,5.39032);(2.2375,7.14651);(-2.66111,8.13326);(-7.13453,4.75278)
16.35;(-8.03025,-0.254366);(-3.3747,-4.3874);(-0.581067,-6.51023);(3.41848,-5.61481);(4.51158,-3.81222);(4.79511,0.275171);(6.72796,5.39032);(2.2607,7.21083);(-2.66111,8.13326);(-7.13453,4.75278)
16.4;(-8.09969,-0.2454);(-3.4337,-4.40607);(-0.626671,-6.5649);(3.4132,-5.68396);(4.57785,-3.85066);(4.86014,0.271733);(6.72796,5.39032);(2.2839,7.27515);(-2.66111,8.13326);(-7.13453,4.75278)
16.45;(-8.16913,-0.236433);(-3.49271,-4.42474);(-0.672282,-6.61957);(3.40788,-5.75312);(4.64415,-3.8891);(4.92516,0.268294);(6.72796,5.39032);(2.3071,7.33946);(-2.66111,8.13326);(-7.13453,4.75278)
16.5;(-8.23856,-0.227467);(-3.55171,-4.4434);(-0.717898,-6.67423);(3.4025,-5.82226);(4.71048,-3.92755);(4.99019,0.264856);(6.72796,5.39032);(2.3303,7.40378);(-2.66111,8.13326);(-7.13453,4.75278)
16.55;(-8.308,-0.2185);(-3.61072,-4.46207);(-0.763521,-6.72889);(3.39709,-5.8914);(4.77684,-3.96599);(5.05522,0.261418);(6.72796,5.39032);(2.35349,7.46809);(-2.66111,8.13326);(-7.13453,4.75278)
16.6;(-8.37744,-0.209533);(-3.66973,-4.48073);(-0.809148,-6.78354);(3.39163,-5.96053);(4.84322,-4.00444);(5.12024,0.25798);(6.72796,5.39032);(2.37669,7.53241);(-2.66111,8.13326);(-7.13453,4.75278)
16.65;(-8.44687,-0.200567);(-3.72873,-4.49939);(-0.85478,-6.83819);(3.38613,-6.02966);(4.90963,-4.04288);(5.18527,0.254542);(6.72796,5.39032);(2.39989,7.59672);(-2.66111,8.13326);(-7.13453,4.75278)
16.7;(-8.51631,-0.1916);(-3.78774,-4.51805);(-0.900416,-6.89283);(3.3806,-6.09878);(4.97605,-4.08132);(5.2503,0.251103);(6.72796,5.39032);(2.42309,7.66104);(-2.66111,8.13326);(-7.13453,4.75278)
16.75;(-8.51631,-0.1916);(-3.84675,-4.53671);(-0.946057,-6.94747);(3.37504,-6.1679);(5.04249,-4.11976);(5.31532,0.247665);(6.72796,5.39032);(2.44628,7.72535);(-2.66111,8.13326);(-7.13453,4.75278)
16.8;(-8.51631,-0.1916);(-3.90576,-4.55537);(-0.991701,-7.00211);(3.36944,-6.23702);(5.10895,-4.15821);(5.38035,0.244227);(6.72796,5.39032);(2.46948,7.78967);(-2.66111,8.13326);(-7.13453,4.75278)
16.85;(-8.51631,-0.1916);(-3.96477,-4.57403);(-1.03735,-7.05675);(3.36382,-6.30613);(5.17543,-4.19665);(5.44538,0.240789);(6.72796,5.39032);(2.49268,7.85399);(-2.66111,8.13326);(-7.13453,4.75278)
16.9;(-8.51631,-0.1916);(-4.02378,-4.59268);(-1.083,-7.11138);(3.35818,-6.37524);(5.24192,-4.23509);(5.51041,0.237351);(6.72796,5.39032);(2.51588,7.9183);(-2.66111,8.13326);(-7.13453,4.75278)
16.95;(-8.51631,-0.1916);(-4.08278,-4.61134);(-1.12865,-7.16601);(3.35251,-6.44435);(5.30842,-4.27352);(5.57543,0.233913);(6.72796,5.39032);(2.53907,7.98262);(-2.66111,8.13326);(-7.13453,4.75278)
17;(-8.51631,-0.1916);(-4.14179,-4.63);(-1.17431,-7.22064);(3.34681,-6.51345);(5.37493,-4.31196);(5.64046,0.230475);(6.72796,5.39032);(2.56227,8.04693);(-2.66111,8.13326);(-7.13453,4.75278)
17.05;(-8.51631,-0.1916);(-4.2008,-4.64865);(-1.21997,-7.27527);(3.3411,-6.58255);(5.44146,-4.3504);(5.70549,0.227037);(6.72796,5.39032);(2.58547,8.11125);(-2.66111,8.13326);(-7.13453,4.75278)
17.1;(-8.51631,-0.1916);(-4.25981,-4.66731);(-1.26563,-7.32989);(3.33537,-6.65165);(5.50799,-4.38883);(5.77052,0.223599);(6.72796,5.39032);(2.58547,8.11125);(-2.66111,8.13326);(-7.13453,4.75278)
17.15;(-8.51631,-0.1916);(-4.31882,-4.68596);(-1.3113,-7.38451);(3.32962,-6.72074);(5.57453,-4.42727);(5.83554,0.220161);(6.72796,5.39032);(2.58547,8.11125);(-2.66111,8.13326);(-7.13453,4.75278)
17.2;(-8.51631,-0.1916);(-4.37783,-4.70461);(-1.35696,-7.43913);(3.32385,-6.78984);(5.64108,-4.4657);(5.90057,0.216723);(6.72796,5.39032);(2.58547,8.11125);(-2.66111,8.13326);(-7.13453,4.75278)
17.25;(-8.51631,-0.1916);(-4.43684,-4.72327);(-1.40263,-7.49375);(3.31807,-6.85893);(5.70764,-4.50413);(5.9656,0.213285);(6.72796,5.39032);(2.58547,8.11125);(-2.66111,8.13326);(-7.13453,4.75278)
17.3;(-8.51631,-0.1916);(-4.49585,-4.74192);(-1.4483,-7.54837);(3.31227,-6.92802);(5.77421,-4.54256);(6.03063,0.209847);(6.72796,5.39032);(2.58547,8.11125);(-2.66111,8.13326);(-7.13453,4.75278)
17.35;(-8.51631,-0.1916);(-4.55486,-4.76057);(-1.49397,-7.60298);(3.30646,-6.99711);(5.84078,-4.58099);(6.09565,0.20641);(6.72796,5.39032);(2.58547,8.11125);(-2.66111,8.13326);(-7.13453,4.75278)
17.4;(-8.51631,-0.1916);(-4.61387,-4.77923);(-1.53964,-7.6576);(3.30064,-7.0662);(5.90735,-4.61942);(6.16068,0.202972);(6.72796,5.39032);(2.58547,8.11125);(-2.66111,8.13326);(-7.13453,4.75278)
17.45;(-8.51631,-0.1916);(-4.67288,-4.79788);(-1.58532,-7.71221);(3.2948,-7.13529);(5.97394,-4.65784);(6.22571,0.199534);(6.72796,5.39032);(2.58547,8.11125);(-2.66111,8.13326);(-7.13453,4.75278)
17.5;(-8.51631,-0.1916);(-4.73189,-4.81653);(-1.631,-7.76682);(3.28896,-7.20437);(6.04052,-4.69627);(6.29074,0.196096);(6.72796,5.39032);(2.58547,8.11125);(-2.66111,8.13326);(-7.13453,4.75278)
17.55;(-8.51631,-0.1916);(-4.7909,-4.83518);(-1.67667,-7.82143);(3.28311,-7.27346);(6.10712,-4.73469);(6.35577,0.192658);(6.72796,5.39032);(2.58547,8.11125);(-2.66111,8.13326);(-7.13453,4.75278)
17.6;(-8.51631,-0.1916);(-4.84992,-4.85384);(-1.72235,-7.87604);(3.27724,-7.34254);(6.17371,-4.77312);(6.42079,0.18922);(6.72796,5.39032);(2.58547,8.11125);(-2.66111,8.13326);(-7.13453,4.75278)
17.65;(-8.51631,-0.1916);(-4.90893,-4.87249);(-1.76803,-7.93065);(3.27137,-7.41162);(6.24031,-4.81154);(6.48582,0.185782);(6.72796,5.39032);(2.58547,8.11125);(-2.66111,8.13326);(-7.13453,4.75278)
17.7;(-8.51631,-0.1916);(-4.96794,-4.89114);(-1.81371,-7.98526);(3.26549,-7.4807);(6.30691,-4.84996);(6.55085,0.182344);(6.72796,5.39032);(2.58547,8.11125);(-2.66111,8.13326);(-7.13453,4.75278)
17.75;(-8.51631,-0.1916);(-5.02695,-4.90979);(-1.85939,-8.03987);(3.2596,-7.54978);(6.37352,-4.88838);(6.61588,0.178907);(6.72796,5.39032);(2.58547,8.11125);(-2.66111,8.13326);(-7.13453,4.75278)
17.8;(-8.51631,-0.1916);(-5.08596,-4.92844);(-1.90508,-8.09447);(3.2537,-7.61886);(6.44013,-4.9268);(6.6809,0.175469);(6.72796,5.39032);(2.58547,8.11125);(-2.66111,8.13326);(-7.13453,4.75278)
17.85;(-8.51631,-0.1916);(-5.14497,-4.94709);(-1.95076,-8.14908);(3.2478,-7.68794);(6.50674,-4.96522);(6.74593,0.172031);(6.72796,5.39032);(2.58547,8.11125);(-2.66111,8.13326);(-7.13453,4.75278)
17.9;(-8.51631,-0.1916);(-5.20398,-4.96574);(-1.99644,-8.20369);(3.24189,-7.75702);(6.57336,-5.00364);(6.81096,0.168593);(6.72796,5.39032);(2.58547,8.11125);(-2.66111,8.13326);(-7.13453,4.75278)
17.95;(-8.51631,-0.1916);(-5.26299,-4.98439);(-2.04213,-8.25829);(3.23597,-7.8261);(6.63997,-5.04205);(6.87599,0.165155);(6.72796,5.39032);(2.58547,8.11125);(-2.66111,8.13326);(-7.13453,4.75278)
18;(-8.51631,-0.1916);(-5.322,-5.00304);(-2.08782,-8.31289);(3.23005,-7.89517);(6.70659,-5.08047);(6.94101,0.161718);(6.72796,5.39032);(2.58547,8.11125);(-2.66111,8.13326);(-7.13453,4.75278)
18.05;(-8.51631,-0.1916);(-5.38102,-5.02169);(-2.1335,-8.3675);(3.22412,-7.96425);(6.77321,-5.11888);(7.00604,0.15828);(6.72796,5.39032);(2.58547,8.11125);(-2.66111,8.13326);(-7.13453,4.75278)
18.1;(-8.51631,-0.1916);(-5.44003,-5.04034);(-2.1335,-8.3675);(3.21819,-8.03333);(6.83983,-5.1573);(7.07107,0.154842);(6.72796,5.39032);(2.58547,8.11125);(-2.66111,8.13326);(-7.13453,4.75278)
18.15;(-8.51631,-0.1916);(-5.49904,-5.05899);(-2.1335,-8.3675);(3.21819,-8.03333);(6.83983,-5.1573);(7.1361,0.151404);(6.72796,5.39032);(2.58547,8.11125);(-2.66111,8.13326);(-7.13453,4.75278)
18.2;(-8.51631,-0.1916);(-5.55805,-5.07764);(-2.1335,-8.3675);(3.21819,-8.03333);(6.83983,-5.1573);(7.20113,0.147966);(6.72796,5.39032);(2.58547,8.11125);(-2.66111,8.13326);(-7.13453,4.75278)
18.25;(-8.51631,-0.1916);(-5.61706,-5.09629);(-2.1335,-8.3675);(3.21819,-8.03333);(6.83983,-5.1573);(7.26615,0.144528);(6.72796,5.39032);(2.58547,8.11125);(-2.66111,8.13326);(-7.13453,4.75278)
18.3;(-8.51631,-0.1916);(-5.67607,-5.11494);(-2.1335,-8.3675);(3.21819,-8.03333);(6.83983,-5.1573);(7.33118,0.141091);(6.72796,5.39032);(2.58547,8.11125);(-2.66111,8.13326);(-7.13453,4.75278)
18.35;(-8.51631,-0.1916);(-5.73508,-5.13359);(-2.1335,-8.3675);(3.21819,-8.03333);(6.83983,-5.1573);(7.39621,0.137653);(6.72796,5.39032);(2.58547,8.11125);(-2.66111,8.13326);(-7.13453,4.75278)
18.4;(-8.51631,-0.1916);(-5.7941,-5.15224);(-2.1335,-8.3675);(3.21819,-8.03333);(6.83983,-5.1573);(7.46124,0.134215);(6.72796,5.39032);(2.58547,8.11125);(-2.66111,8.13326);(-7.13453,4.75278)
18.45;(-8.51631,-0.1916);(-5.85311,-5.17089);(-2.1335,-8.3675);(3.21819,-8.03333);(6.83983,-5.1573);(7.52626,0.130777);(6.72796,5.39032);(2.58547,8.11125);(-2.66111,8.13326);(-7.13453,4.75278)
18.5;(-8.51631,-0.1916);(-5.91212,-5.18954);(-2.1335,-8.3675);(3.21819,-8.03333);(6.83983,-5.1573);(7.59129,0.12734);(6.72796,5.39032);(2.58547,8.11125);(-2.66111,8.13326);(-7.13453,4.75278)
18.55;(-8.51631,-0.1916);(-5.97113,-5.20819);(-2.1335,-8.3675);(3.21819,-8.03333);(6.83983,-5.1573);(7.65632,0.123902);(6.72796,5.39032);(2.58547,8.11125);(-2.66111,8.13326);(-7.13453,4.75278)
18.6;(-8.51631,-0.1916);(-6.03014,-5.22684);(-2.1335,-8.3675);(3.21819,-8.03333);(6.83983,-5.1573);(7.72135,0.120464);(6.72796,5.39032);(2.58547,8.11125);(-2.66111,8.13326);(-7.13453,4.75278)
18.65;(-8.51631,-0.1916);(-6.08915,-5.24549);(-2.1335,-8.3675);(3.21819,-8.03333);(6.83983,-5.1573);(7.78638,0.117026);(6.72796,5.39032);(2.58547,8.11125);(-2.66111,8.13326);(-7.13453,4.75278)
18.7;(-8.51631,-0.1916);(-6.14816,-5.26414);(-2.1335,-8.3675);(3.21819,-8.03333);(6.83983,-5.1573);(7.8514,0.113588);(6.72796,5.39032);(2.58547,8.11125);(-2.66111,8.13326);(-7.13453,4.75278)
18.75;(-8.51631,-0.1916);(-6.20718,-5.28279);(-2.1335,-8.3675);(3.21819,-8.03333);(6.83983,-5.1573);(7.91643,0.110151);(6.72796,5.39032);(2.58547,8.11125);(-2.66111,8.13326);(-7.13453,4.75278)
18.8;(-8.51631,-0.1916);(-6.26619,-5.30144);(-2.1335,-8.3675);(3.21819,-8.03333);(6.83983,-5.1573);(7.98146,0.106713);(6.72796,5.39032);(2.58547,8.11125);(-2.66111,8.13326);(-7.13453,4.75278)
18.85;(-8.51631,-0.1916);(-6.3252,-5.32009);(-2.1335,-8.3675);(3.21819,-8.03333);(6.83983,-5.1573);(8.04649,0.103275);(6.72796,5.39032);(2.58547,8.11125);(-2.66111,8.13326);(-7.13453,4.75278)
18.9;(-8.51631,-0.1916);(-6.38421,-5.33874);(-2.1335,-8.3675);(3.21819,-8.03333);(6.83983,-5.1573);(8.11151,0.0998373);(6.72796,5.39032);(2.58547,8.11125);(-2.66111,8.13326);(-7.13453,4.75278)
18.95;(-8.51631,-0.1916);(-6.44322,-5.35738);(-2.1335,-8.3675);(3.21819,-8.03333);(6.83983,-5.1573);(8.17654,0.0963996);(6.72796,5.39032);(2.58547,8.11125);(-2.66111,8.13326);(-7.13453,4.75278)
19;(-8.51631,-0.1916);(-6.50223,-5.37603);(-2.1335,-8.3675);(3.21819,-8.03333);(6.83983,-5.1573);(8.24157,0.0929618);(6.72796,5.39032);(2.58547,8.11125);(-2.66111,8.13326);(-7.13453,4.75278)
19.05;(-8.51631,-0.1916);(-6.56124,-5.39468);(-2.1335,-8.3675);(3.21819,-8.03333);(6.83983,-5.1573);(8.3066,0.089524);(6.72796,5.39032);(2.58547,8.11125);(-2.66111,8.13326);(-7.13453,4.75278)
19.1;(-8.51631,-0.1916);(-6.62026,-5.41333);(-2.1335,-8.3675);(3.21819,-8.03333);(6.83983,-5.1573);(8.37163,0.0860863);(6.72796,5.39032);(2.58547,8.11125);(-2.66111,8.13326);(-7.13453,4.75278)
19.15;(-8.51631,-0.1916);(-6.67927,-5.43198);(-2.1335,-8.3675);(3.21819,-8.03333);(6.83983,-5.1573);(8.43666,0.0826485);(6.72796,5.39032);(2.58547,8.11125);(-2.66111,8.13326);(-7.13453,4.75278)
19.2;(-8.51631,-0.1916);(-6.67927,-5.43198);(-2.1335,-8.3675);(3.21819,-8.03333);(6.83983,-5.1573);(8.50168,0.0792107);(6.72796,5.39032);(2.58547,8.11125);(-2.66111,8.13326);(-7.13453,4.75278)
19.25;(-8.51631,-0.1916);(-6.67927,-5.43198);(-2.1335,-8.3675);(3.21819,-8.03333);(6.83983,-5.1573);(8.56671,0.075773);(6.72796,5.39032);(2.58547,8.11125);(-2.66111,8.13326);(-7.13453,4.75278)
